rsi_handle,display,rank,roles,discord_nickname,discord_match_typ,discord_match_prozent
00Gollom,00Gollom,Diamant,,,,
4lex0naut,4lex0naut,Diamant,,,,
4nimu5,4nimu5,Diamant,,,,
99_Stahl,99%_Stahl,Diamant,,,,
A7dr0,Andro,Diamant,,,,
Abji,Abji,Diamant,,,,
Acutus_12,Acutus,Diamant,,,,
Adnoh,Adnoh,Diamant,,,,
advancefly,advancetom,Diamant,,,,
Aelle,Aelle,Diamant,,,,
Agent2222,Agent2222,Diamant,,,,
Agil_Neiles,Agil,Diamant,,,,
Aglais,Aglais,Diamant,Leitung,,,
Aglais-II,Aglais II,Diamant,Leitung,,,
Aglais-III,Aglais III,Diamant,Leitung,,,
Aglais-IV,Aglais IV,Diamant,Leitung,,,
Aglais-V,Aglais V,Diamant,,,,
AGT-1007,AGT-1007,Diamant,,,,
Aiden_Brice,Aiden,Diamant,,,,
AinuMeril,AinuM,Diamant,,,,
AkaliaAyame,AccaliaAyame,Diamant,,,,
Akiraburn,Akiraburn,Diamant,,,,
Akkari1990,Akkari1990,Diamant,,,,
Aknosom,Aknosom,Diamant,,,,
Alex1806,Alex20031,Diamant,,,,
alienaffe1,alienaffe1,Diamant,,,,
AlienDuck,[DMNT]AlienDuck,Diamant,,,,
Alienfresser,YummY,Diamant,,,,
Allan-Anatine,AllanAnatine,Diamant,,,,
Alpha117Wolf,Alpha117Wolf,Diamant,,,,
AlpRush,AlpRush,Diamant,,,,
AlterFritz,AlterFritz,Diamant,,,,
AlwasterBlaster,AlwasterBlaster,Diamant,,,,
Andrahir83,Star Lord,Diamant,,,,
Andreas_68,Beverungen,Diamant,,,,
Andwyn,Andwyn,Diamant,,,,
Anib,Anib,Diamant,,,,
Anoma,Anoma,Diamant,,,,
Antidebilika,Antidebilika,Diamant,,,,
Archibald-Haddock,Archibald-Haddock,Diamant,,,,
arctic305,arctic305,Diamant,,,,
Arellarti,Arellarti,Diamant,,,,
Ares_Samick,Riggs,Diamant,,,,
Arius_the_Outlaw,Arius,Diamant,,,,
Artanika,CalpirazNo,Diamant,,,,
Ascim,Ascim,Diamant,,,,
Astrakalle,Pascal,Diamant,,,,
Astriminator,Astriminator,Diamant,,,,
Ator_GER,Ator_GER,Diamant,,,,
Aturo,Aturo,Diamant,,,,
AuroDri,[I.H.M.] Aurorasoley Driver,Diamant,,,,
Aurora_Silvver,S1lvv3r,Diamant,,,,
AZKq,Ardefy,Diamant,,,,
Azuth75,Azuth75,Diamant,,,,
BackKnight,BackKnight,Diamant,,,,
Backtoheroots,backtotheroots,Diamant,,,,
Bad_Witch,Lea,Diamant,,,,
badwolf,Bad Wolf,Diamant,,,,
Baldrian_Sky,Baldrian_Sky,Diamant,,,,
balton-64,balton-64,Diamant,,,,
Bamguin,Bamguin,Diamant,,,,
Baracuda,Baracuda,Diamant,,,,
Barashhi,Barashhi,Diamant,,,,
Basie013,Basie013,Diamant,,,,
basselmacgee,Bassel MacGee,Diamant,,,,
BavarianPanda,Woipadinga,Diamant,,,,
Baxuz74,Baxuz74,Diamant,,,,
Beandkey_NRW,Beandkey,Diamant,,,,
BeefSlave,BeefSlave,Diamant,,,,
Beetle_Ox,Beetle Ox,Diamant,,,,
BeltenWummler,BeltenWummler,Diamant,,,,
Ben_nok,Ben_nok,Diamant,,,,
BenDT3,bendt3,Diamant,,,,
Bengalo,Bengalo,Diamant,,,,
BenjB1983,Benjamin Buske,Diamant,,,,
benti,benTi,Diamant,,,,
Bermudax,Bermudax,Diamant,,,,
Big_Tasty,BigTasty,Diamant,,,,
bigpuma8417,zeroxx225,Diamant,,,,
Billy-Hill,Billy Hill,Diamant,,,,
Black_Manta,Black Falcon,Diamant,,,,
Blackout_lk,Spacebubble,Diamant,,,,
Blackscorp81,BS81,Diamant,,,,
BlackShadow101,BlackShadow101,Diamant,,,,
Blackspack,Blackspack,Diamant,,,,
BlackSteel82,BlackSteel82,Diamant,,,,
Blue_Claus,Blue Claus,Diamant,,,,
Bobson_Dugnutt,Bobson Dugnutt,Diamant,,,,
boby9000,boby9000,Diamant,,,,
BogusGER,DSF,Diamant,,,,
boiler179,boiler179,Diamant,,,,
Bomberpilot971,Bomberpilot971,Diamant,,,,
Booboobear01,Booboobear,Diamant,,,,
BookSC,BookSC,Diamant,,,,
Borknir,Borknir,Diamant,,,,
Boroo,Boro,Diamant,,,,
Box-8323,Box-8323,Diamant,,,,
Braiti,Braiti,Diamant,,,,
Browny,Browny,Diamant,,,,
BuckyVR6,BuckyVR6,Diamant,,,,
Bug_Skipper,Bug Skipper,Diamant,,,,
BugBar,BugBee,Diamant,,,,
Bullseye112255,Bullseye112255,Diamant,,,,
Bumas,Bumas,Diamant,,,,
Bumsadler,Bumsadler,Diamant,,,,
C4ptAwesome,C4ptAwesome,Diamant,,,,
Calador,Calador,Diamant,,,,
Caleidon-Phoenix,Caleidon-Phoenix,Diamant,,,,
calidrion,Calidrion,Diamant,,,,
Candyzero,Candyzero,Diamant,,,,
Capt_Nuki,Capt.Nuki,Diamant,,,,
Captain_Munchies,Rollo,Diamant,,,,
Captain_Rexx,Charlotte,Diamant,,,,
Captain_Xzan,Xzan,Diamant,,,,
Capybellie,Ellie Daran,Diamant,,,,
CargoDredge,Plevu Krawo,Diamant,,,,
CARP77,CARP77,Diamant,,,,
CashDollar,Cash Dollar,Diamant,,,,
Castra-Citizen,Castra-Citizen,Diamant,,,,
Caurakxoth,Caurakxoth,Diamant,,,,
Ce-Kay,Ce-Kay,Diamant,,,,
Cebb,Cebb,Diamant,,,,
cedric_louis,cedric_louis,Diamant,,,,
Ceran,Ceran Katelo,Diamant,,,,
Cerberud,Cerberud,Diamant,,,,
CeresX,Ceres,Diamant,,,,
ceth85,Ceth,Diamant,,,,
Cetos,Cetos,Diamant,,,,
CG_Solas,CG_Solas,Diamant,,,,
Charlize_Godspeed,Charlize Godspeed,Diamant,,,,
Chewbacca_II,Chewbacca_II,Diamant,,,,
Chillkowski,Chillkowski,Diamant,,,,
Chilly-Vanilly,Cpt. CapsLock,Diamant,,,,
ChrilleA10,Chrille,Diamant,,,,
chris2763,chris2763,Diamant,,,,
chrissix666,chrissix666,Diamant,,,,
CitizenMcPollo,CitizenMcPollo,Diamant,,,,
CitizenNo000,CitizenNo000,Diamant,,,,
Citysnake,Citysnake,Diamant,,,,
ClanBunny,ClanBunny,Diamant,,,,
cleaner6,cleaner6,Diamant,,,,
CMDR_Below,CMDR_Below,Diamant,,,,
CMDR_Dragondarn,CMDR Dragondarn,Diamant,,,,
CMDR_Elight,CMDR_Elight,Diamant,,,,
CMDR_Jam3son,CMDR_Jam3son,Diamant,,,,
COL-Jurten,Tadakuni,Diamant,,,,
Colyvor,Colyvor,Diamant,,,,
CommanderKreusch,CommanderKreusch,Diamant,,,,
CommkiNG,=Twister=,Diamant,,,,
commodore65,commodore65,Diamant,,,,
Conjurerdragon,Conjurerdragon,Diamant,,,,
Copernikus,Dom 1961,Diamant,,,,
Corvale,Corvale,Diamant,,,,
Corviness_Skirge,Corviness &quot;Arclight&quot; Skirge,Diamant,,,,
CorvusLucis,CorvusLucis,Diamant,,,,
Corydoras99,Corydoras99,Diamant,,,,
Cosmonaut-Camille,Cosmonaut-Camille,Diamant,,,,
Cpt_Balu,Gravemind,Diamant,,,,
CPT_Emmett_Brown,Dr Emmett brown,Diamant,,,,
Cpt_Pickles,Troysis,Diamant,,,,
Cpt_Sille,Cpt_Sille,Diamant,,,,
CptCalamari,Cpt.Calamari,Diamant,,,,
CptDiego,Cpt_Diego90,Diamant,,,,
CptHiggs,Biker69,Diamant,,,,
Cptn-Justin,Cptn.Justin,Diamant,,,,
Crankio,Crankio,Diamant,,,,
CrashCow,CrashCow,Diamant,,,,
Creacks,Creacks,Diamant,,,,
Creaper,Creaper87,Diamant,,,,
Creeepr,Creeepr,Diamant,,,,
Creek345,Creek345,Diamant,,,,
Creynox,Creynox,Diamant,,,,
Crossfader217,Cr0ssF4d3r,Diamant,,,,
CryNexXx,CryNexXx,Diamant,,,,
Crypt24,Crypt24,Diamant,,,,
CryptiC_86,Kryptik,Diamant,,,,
CyberCore,CyberCore,Diamant,,,,
Cybermax,James Taggart,Diamant,,,,
CyrionTheFlayed,CyrionTheFlayed,Diamant,,,,
cyvo,cyvo,Diamant,,,,
Cyx1,Cyx,Diamant,,,,
D4rkWolf,DarkWolf,Diamant,,,,
D_y_s,D_y_s,Diamant,,,,
dada73,dada73,Diamant,,,,
DaH0nk,DaH0nk,Diamant,,,,
Dajixx,Dajixx,Diamant,,,,
DanteGG,DanteGG,Diamant,,,,
DarkOrbit,Luckstar,Diamant,,,,
Dashiwang,Dashiwang,Diamant,,,,
Dave_001,Dave_001,Diamant,,,,
Davokh,Davokh,Diamant,,,,
ddsc01,ddsc01,Diamant,,,,
Deadpool_88,Deadpool_88,Diamant,,,,
DeedsOne,Deeds One,Diamant,,,,
Demandreth_Bas-Tyra,Demandreth Bas-Tyra,Diamant,,,,
Demianos,Demianos,Diamant,,,,
Demijurge,Demijurge,Diamant,,,,
Demonplay92,Demonplay92,Diamant,,,,
dennyzet,dennyzet,Diamant,,,,
Der_Philosoph,Priogeth,Diamant,,,,
DerDena,DerDena,Diamant,,,,
DerLorcan,Lorcan,Diamant,,,,
derMosher,[DMNT] der Mosher,Diamant,,,,
Deroxo,Deroxo,Diamant,,,,
derschachmatt,derschachmatt,Diamant,,,,
DerTensa,DerTensa,Diamant,,,,
Devi_n,Devi_n,Diamant,,,,
Devillein,Devillein,Diamant,,,,
Diamant,Diamant,Diamant,,,,
Diavo,Diavo,Diamant,,,,
DieterStahl,Dieter Stahl,Diamant,,,,
Diggi,Diggi,Diamant,,,,
Dimitri8806,Dimitri8806,Diamant,,,,
Django-Freeman,Django Freeman,Diamant,,,,
djannky,[KRT] Djannky,Diamant,,,,
DJB1252,DJB1252,Diamant,,,,
docjONEs,docjONEs,Diamant,,,,
doctor_bong,Doctor Bong,Diamant,,,,
DoctorDudu,Doctor Dudu,Diamant,,,,
DoctorRyk,DoctorRyk,Diamant,,,,
Dol_Jonda_Mandalorian,Dol_Jonda_Mandalorian,Diamant,,,,
Dom2en,[KRT] Domsen,Diamant,,,,
DomKTM,DomKTM,Diamant,,,,
Doomster161,Doomer,Diamant,,,,
Double_Star4,Double_Star4,Diamant,,,,
Dr_F1,Dr_F1,Diamant,,,,
Dr_Helios_Faust,Dr.Faust,Diamant,,,,
Dr_Jani,Dr. Jay Kay,Diamant,,,,
Dragon_Insane,Dragon_Insane,Diamant,,,,
Drakary,Drakary,Diamant,,,,
Drakrai,Drakrai,Diamant,,,,
DrDrej666,Starlord,Diamant,,,,
Dreamer1982,Dreamer1982,Diamant,,,,
Dressler69,Dressler69,Diamant,,,,
DrLeoSpaceman,Dr. Leo Spaceman,Diamant,,,,
DrSnuggles273,DrSnuggles,Diamant,,,,
drunkenbeaver,DrunkenBeaver,Diamant,,,,
DumBa_77,DumBa_77,Diamant,,,,
Dwemerlord,Dwemerlord,Diamant,,,,
e-q-u-i-n-o-x,Equinox,Diamant,,,,
Eddie_Brock_Jr,Eddie_Brock_Jr,Diamant,,,,
EduardLaser1,Tobsi,Diamant,,,,
EgoRandaris,Randaris,Diamant,,,,
EgOVoicE,EgOVoicE,Diamant,,,,
Ein161er,Ein161er,Diamant,,,,
Eislux,Eislux,Diamant,,,,
Eiwy,Eiwy,Diamant,,,,
elektrowixxe23,Nr.23,Diamant,,,,
Elrigo82,[DMNT]Elrigo,Diamant,,,,
Elvis666,Elvis,Diamant,,,,
ElZock,ElZock,Diamant,,,,
Emplitude,Emplitude,Diamant,,,,
englbit,englbit,Diamant,,,,
Enlist,Grey,Diamant,,,,
Enrique09,Enrique09,Diamant,,,,
Entbuchselt,Entbuchselt,Diamant,,,,
Erion,Shadowrunner,Diamant,,,,
Eruvadhoren,Eru,Diamant,,,,
Eurofatzke,Eurofatzke,Diamant,,,,
EuSyroX,EuSyRoX,Diamant,,,,
EviI3ric,EviI3ric,Diamant,,,,
Evokaz,Evokaz,Diamant,,,,
ExplorerXY,ExplorerXY,Diamant,,,,
F3Spirit,F3Spirit,Diamant,,,,
F_i_r_e,Fire,Diamant,,,,
Fahrner,Fahrner,Diamant,,,,
Felbion,Junila,Diamant,,,,
felixklee,Felix Klee,Diamant,,,,
Final5pace,Final5pace,Diamant,,,,
Finkregh,Finkregh,Diamant,,,,
Fireball1978,Fireball1978,Diamant,,,,
Firlefranz,Firlefranz,Diamant,,,,
First_Aid_Kit,First_Aid_Kit,Diamant,,,,
Flee21,Flee,Diamant,,,,
Flitschflatsch,Flitschflatsch,Diamant,,,,
Floly,Floly,Diamant,,,,
Force,Force,Diamant,,,,
Fragoon,Elaaar,Diamant,,,,
Franky62,Franky62,Diamant,,,,
Freebird,Freebird,Diamant,,,,
Friedrich09,Friedrich_:),Diamant,,,,
Frihed1007,Frihed1007,Diamant,,,,
FritzP,Fritz,Diamant,,,,
FunnyBuddys,FunnyBuddys,Diamant,,,,
Fusel_Gambit,Fusel_Gambit,Diamant,,,,
Gabkano,Gabkano,Diamant,,,,
Gelegenheitsheld,Gelegenheitsheld,Diamant,,,,
GenervterGuenther,Guenther,Diamant,,,,
Gerasal,Gerasal,Diamant,,,,
Gewehr_wolf,Gewehr_wolf,Diamant,,,,
GhostRiders,Ghost_Riders9895,Diamant,,,,
Glorator,Glorator,Diamant,,,,
GogoLoris,GogoLoris,Diamant,,,,
Goliath021291,Goliath021291,Diamant,,,,
Gramardy,Gramardy,Diamant,,,,
Grandmaster96,Grandmaster96,Diamant,,,,
Grauer_Rabe,Grauer_Rabe,Diamant,,,,
GrimReaper88,GrimReaper,Diamant,,,,
GrimShad0w,GrimShad0w,Diamant,,,,
grosservogi,Grosser Vogi,Diamant,,,,
gsandrog,Lindrog,Diamant,,,,
Gschwene,Gschwene,Diamant,,,,
gtm,Marc,Diamant,,,,
Guerkchen3004,Blackpool005,Diamant,,,,
Gundha,Gundha,Diamant,,,,
Gunzi84,Gunzi,Diamant,,,,
Gustav_Jung,Gustav_Jung,Diamant,,,,
Gyffes,Gyffes,Diamant,,,,
haarige_Knete,haarige Knete,Diamant,,,,
Hagbard32,Hagbard32,Diamant,,,,
HakkeJoe,HakkeJoe,Diamant,,,,
Hank_GER,Ralf Hank,Diamant,,,,
Hans_Trollo,Hans Trollo,Diamant,,,,
Hanseatic_Ghost,Hanseatic Ghost,Diamant,,,,
Hanz99,Hanz,Diamant,,,,
haoskid,haoskid,Diamant,,,,
HappyDE,Happy,Diamant,,,,
Haribo_Kruppstahlbaerchen,Haribo_Kruppstahlbaerchen,Diamant,,,,
Haschem_Balu,Haschem,Diamant,,,,
Hasenpfote1,Hasenpfote1,Diamant,,,,
Hebebe,Hebebe,Diamant,,,,
heckefraesch,Heckefraesch,Diamant,,,,
Helgator,Sytex,Diamant,,,,
HellionVeil,Joseph Gallager,Diamant,,,,
HexVectora,hex0x,Diamant,,,,
Hibachi,Seraphita,Diamant,,,,
HiksKonari,Hiks,Diamant,,,,
HiraelBHV,Hirael,Diamant,,,,
HoniSoitQuiMalyYPens,Wolf1Alpha1Omega,Diamant,,,,
Hoppensted,Hoppensted,Diamant,,,,
Hordentlich,Hordentlich,Diamant,,,,
Hordika,Hordika,Diamant,,,,
Hoschy2k,Hoschy,Diamant,,,,
Hotzen,plotz,Diamant,,,,
Houdini21,Houdini21,Diamant,,,,
Hovenberg,Hovenberg,Diamant,,,,
howlwolf,Wolf,Diamant,,,,
Hrodbehrt,Hrodbehrt,Diamant,,,,
HTO,Vivien Raid,Diamant,,,,
HueyShadowfire,HueyShadowfire,Diamant,,,,
HuMa892,HuMa892,Diamant,,,,
Husumer,Husumer,Diamant,,,,
HydrawolfXD,Hydrawolf,Diamant,,,,
I_O_I_1_0_1,IOI,Diamant,,,,
iBacchus,iBacchus,Diamant,,,,
Iceonly,Iceonly,Diamant,,,,
IceWlf,IceWlf,Diamant,,,,
Ich_Wars,Ich Wars,Diamant,,,,
ihoa,Ihoa,Diamant,,,,
IllroyGER,Illroy(GER),Diamant,,,,
Iluvartar,Iluvartar,Diamant,,,,
Imhutep2500,Imhutep2500,Diamant,,,,
Inferia,Inferia,Diamant,,,,
Inkuraa,Inkuraa,Diamant,,,,
insomn1a,insomn1a,Diamant,,,,
interents,interents,Diamant,,,,
J0HN-CITIZEN,John Citizen,Diamant,,,,
J0kerMDK,J0kerMDK,Diamant,,,,
J0rd4-n,J0rd4-n,Diamant,,,,
J14lingz,J14lingz,Diamant,,,,
J_Tock,Jack Tock,Diamant,,,,
Jabiru,Jabiru,Diamant,,,,
JackReily,Jack Reily,Diamant,,,,
JackWolfman,Jack Wolfman,Diamant,,,,
Jahuul,Jahuul,Diamant,,,,
Jamba915,Jamba,Diamant,,,,
Jamboo,Jamboo,Diamant,,,,
Jan-Hinnerk,Jan-Hinnerk,Diamant,,,,
Janes77,Janes77,Diamant,,,,
JanSolo_1337,JanSolo_1337,Diamant,,,,
japakue,japakue,Diamant,,,,
JaTyr,Jason Tyrell,Diamant,,,,
Jaxtom-D,Vollstrecker,Diamant,,,,
Jeff-Marxon,Jeff Marxon,Diamant,,,,
JenkinsGamble,Jenkins Gamble,Diamant,,,,
ji11er,ji11er,Diamant,,,,
Jiggawatts,Jiggawatts,Diamant,,,,
JimJace33,JimJace33,Diamant,,,,
Jkb_Brhf,Jkb_Brhf,Diamant,,,,
joe703,joe703,Diamant,,,,
Joe_TN,Joe_TN,Diamant,,,,
Joern_H,Joern_H,Diamant,,,,
John699,John699,Diamant,,,,
JohnnyLong89,Johnnylong89,Diamant,,,,
johnrobie,John.Robie,Diamant,,,,
JohnSwagger,John Swagger,Diamant,,,,
Jolor1991,Jolor,Diamant,,,,
Jonn80,Jonn80,Diamant,,,,
Jorganius,Jorganius,Diamant,,,,
Jorgessen,Jorgessen,Diamant,,,,
jori,Jorin,Diamant,,,,
JSpacer,JSpacer,Diamant,,,,
JT1T4N,JT1T4N,Diamant,,,,
Jugl,Captain Ahab,Diamant,,,,
Jusdie,Feldwebel Diehl,Diamant,,,,
just_ceejay,just_ceejay,Diamant,,,,
JustInto_Fent,JustInto_Fent,Diamant,,,,
K0mpl3X,Kompi,Diamant,,,,
K4m1K4tz3,K4m1K4tz3,Diamant,,,,
k4xn,Kaan2106,Diamant,,,,
KackbratzenKind,Kenneth,Diamant,,,,
KakaoFan,KakaoFan,Diamant,,,,
Karazun,Karazun,Diamant,,,,
KawaiiGalaxy,KawaiiGalaxy,Diamant,,,,
Kazuhira_Miller,Kazuhira_Miller,Diamant,,,,
Keanny90,Keanny90,Diamant,,,,
KeenBockMeer,KeenBockMeer,Diamant,,,,
Kefka,Kefka,Diamant,,,,
KeinPlan1969,Kein_Plan,Diamant,,,,
KENWOODKILA,KENWOODKILA,Diamant,,,,
KevinPlayer,Kevin_Player,Diamant,,,,
khornate,Khornate,Diamant,,,,
Khosh,Khosh,Diamant,,,,
Khrook,Thorn,Diamant,,,,
Kiel_Holen,Kiel Holen,Diamant,,,,
Kiese,Kiese,Diamant,,,,
Killahwurst,Killahwurst,Diamant,,,,
KilledByNpc,Nxah407,Diamant,,,,
KingMuffin,KingMuffin,Diamant,,,,
KiNoHige,KiNoHige,Diamant,,,,
Kirito2712,Kirito2712,Diamant,,,,
kisural,kisural,Diamant,,,,
Klabauter,F4BELH4FT,Diamant,,,,
Klars_Flight,Klars_Flight,Diamant,,,,
Klobrille,Klobrille,Diamant,,,,
Kluntjes,Kluntjes,Diamant,,,,
Kommende_B5000,Kommende_B5000,Diamant,,,,
Komonfugu,Komonfugu,Diamant,,,,
KongOtto,KongoOtto,Diamant,,,,
Kontroller,Kontroller,Diamant,,,,
Kpt_Ceberus,Ceberus,Diamant,,,,
Krautfunder,Krautfunder,Diamant,,,,
Ksteffan,SteffanK,Diamant,,,,
kulturnilpferd,kulturnilpferd,Diamant,,,,
Kxthi741,Kxthi741,Diamant,,,,
Kyrre_Tukson,Kyrre Tukson,Diamant,,,,
L3Xinho,L3Xinho,Diamant,,,,
Laath,Laath,Diamant,,,,
Laberneth,Laberneth,Diamant,,,,
Larry_P,Larry_P,Diamant,,,,
lasseb,Mietzapi,Diamant,,,,
LaughingCorpse,LaughingCorpse,Diamant,,,,
Layer,Layer,Diamant,,,,
LcDruid,LcDruid,Diamant,,,,
Lennox_Hawkins,Lennox_Hawkins,Diamant,,,,
Leonil,Ludas,Diamant,,,,
LeopardDF,LeopardDF,Diamant,,,,
leTreuTobi,leTreuTobi,Diamant,,,,
Lichtfleck,lars,Diamant,,,,
LiEyWe,LiEyWe,Diamant,,,,
LIFT_Antenne,LIFT_Antenne,Diamant,,,,
LIFT_Der_Unfassbare3,Der_Unfassbare3,Diamant,,,,
LIGHT_Gamer33,LIGHT_Gamer33,Diamant,,,,
Lionel_Polanski,Autumn,Diamant,,,,
Livercheese_42,Livercheese_42,Diamant,,,,
lnc02,lnc02,Diamant,,,,
LoinEljonson,Lioneljonson,Diamant,,,,
lonely1,lonely1,Diamant,,,,
LonesomeMiner,Lonesome Miner,Diamant,,,,
Lord-Cerberus,Lord Cerberus,Diamant,,,,
Lord_Popo,Popo,Diamant,,,,
Lord_Wayne,Lord_Wayne,Diamant,,,,
LordLeibnitz,[DMNT] Lord Leibnitz,Diamant,,,,
LordYukia,LordYukia,Diamant,,,,
Lotka,Lotka,Diamant,,,,
Louqe_Ghost,Louqe_Ghost,Diamant,,,,
Lowr1der,Lowr1der,Diamant,,,,
Lucille,Lucille,Diamant,,,,
LucyZocker,LucyZocker,Diamant,,,,
Lufia,Lufia,Diamant,,,,
LumenSage,LumenSage,Diamant,,,,
LumpiCargo,LumpiCargo,Diamant,,,,
M_M,Marcus,Diamant,,,,
MacDeal,MacDeal,Diamant,,,,
MaceMaddox,Mace Maddox,Diamant,,,,
MADxAdam,MADxAdam,Diamant,,,,
Magellan-83,Magellan,Diamant,,,,
Maik_Anik,Maik Anik,Diamant,,,,
Majalex,Majalex,Diamant,,,,
Malron,Malron,Diamant,,,,
mampfer,mampfer,Diamant,,,,
Man0Lar,Man0Lar,Diamant,,,,
Man_Must_Die,Heilige_Mutter_Gottes,Diamant,,,,
ManAniscore,ManAniscore,Diamant,,,,
Manperson,Manperson,Diamant,,,,
Manuedeberry,Manuedeberry,Diamant,,,,
Marc_O_Polo,Marc_O_Polo,Diamant,,,,
Marcel1981,Marcel1981,Diamant,,,,
Marcnesium,Marcnesium,Diamant,,,,
Marvgod,Marvgod,Diamant,,,,
Maserati-Heinz,Maserati-Heinz,Diamant,,,,
masterluke78,masterluke78,Diamant,,,,
Materialistix,Materialistix,Diamant,,,,
Matsonwe,Matsonwe,Diamant,,,,
MaximStierlitz,Maxim Stierlitz,Diamant,,,,
Mazukaze,Mazukaze,Diamant,,,,
mc3scher,mc3scher,Diamant,,,,
MCCD326,MCCD326,Diamant,,,,
McD57765,McD57765,Diamant,,,,
mcfirefly,mcfirefly,Diamant,,,,
McKlappStuhl,McKlappStuhl,Diamant,,,,
McMc,McFly,Diamant,,,,
McMetrik,McMetrik,Diamant,,,,
Mendo79,Mendo79,Diamant,,,,
Mephiston213,Mephiston213,Diamant,,,,
Mesmoo,Mesmoo,Diamant,,,,
MFGA,Orca,Diamant,,,,
MicBD,MicBD,Diamant,,,,
Micha78,dermicha78,Diamant,,,,
Mieetuu,Mieetuu,Diamant,,,,
Mietre,Mietre,Diamant,,,,
MikeDD,MikeDD,Diamant,,,,
Mingsing,Mingsing,Diamant,,,,
Mirco,Mirco,Diamant,,,,
MisterMax5_0,MisterMax5_0,Diamant,,,,
mo_yaxya,mo_yaxya,Diamant,,,,
MoonCowboy,MoonCowboy,Diamant,,,,
Morgau,Morgau,Diamant,,,,
Morgon,MOH,Diamant,,,,
Mosvani,Mosvani,Diamant,,,,
Mowlsten,Mowlsten,Diamant,,,,
Mr-Muck,Muck,Diamant,,,,
Mr_Wasch,Wasch,Diamant,,,,
MrBarbiturate,Mr. Barbiturate,Diamant,,,,
MrBrille15,MrBrille15,Diamant,,,,
MrBuchweber,MrBuchweber,Diamant,,,,
MrCheese69,MrCheese,Diamant,,,,
MrMetasploit,MrMetasploit,Diamant,,,,
MrPining,MrPining,Diamant,,,,
MrRabbit85,MrRabbit85,Diamant,,,,
Ms_249,ms_249,Diamant,,,,
MSAlex,MSAlex,Diamant,,,,
MuchoTwoTwo,Lectorus,Diamant,,,,
MuGGeL,RaKKi,Diamant,,,,
MunitionMueller,MunitionMueller,Diamant,,,,
Na-iv,Na-iv,Diamant,,,,
naitsabes007,sebi007,Diamant,,,,
Nathan-Ex,Nathan E.,Diamant,,,,
Nathan_Bull,Nathan_Bull,Diamant,,,,
nediar,Nediar,Diamant,,,,
Neko-Neko,NekoNeko,Diamant,,,,
Nekses,Killingtree,Diamant,,,,
neovision,Neovision,Diamant,,,,
Nephzul,Nephzul,Diamant,,,,
Neppuu,Neppuu,Diamant,,,,
nerone203,nerone203,Diamant,,,,
Net-Zombie,Net-Zombie,Diamant,,,,
Nheelz,Nheelz,Diamant,,,,
Niedertracht,Niedertracht,Diamant,,,,
Nikolas_Wemerth,[DMNT]  Nikolas Wemerth,Diamant,,,,
NoMad9199,NoMad9199,Diamant,,,,
Nominor1,Nominor1,Diamant,,,,
Noobi,Das_Noobi,Diamant,,,,
NopiSoul,Nopi Soul,Diamant,,,,
Nordlicht,The Joe,Diamant,,,,
norelem,norelem,Diamant,,,,
Noteur,Noteur,Diamant,,,,
Nouramon,Nouramon Alvestrasza,Diamant,,,,
nphil,HydroPhil,Diamant,,,,
Nuky,Thermonuclearbunny,Diamant,,,,
Nyma,Henry,Diamant,,,,
Nytrion,Nytrion,Diamant,,,,
Nyxus,Nyxus Ironclad,Diamant,,,,
OCSkm666,O.C. Skm,Diamant,,,,
Odogko,Omorokko,Diamant,,,,
Ohio1337,Ohio1337,Diamant,,,,
Olopax,Olo,Diamant,,,,
olsyju,olsyju,Diamant,,,,
OmegaPHA,OmegaPHA,Diamant,,,,
oOMRLOo,oOMRLOo,Diamant,,,,
Oscar_Monroe,Oscar_Monroe,Diamant,,,,
Osiris0,Osiris0,Diamant,,,,
OxaMcFly,Oxa McFly,Diamant,,,,
P4Q6-X,P4Q6-X,Diamant,,,,
p4t5h0t,p4t5h0t,Diamant,,,,
PaddyDeRossi,PaddyDeRossi,Diamant,,,,
Painkiller-GER,JensBerlinski-IpsSFgwm,Diamant,,,,
Palamedes69,Pala69,Diamant,,,,
Papercut78,Papercut78,Diamant,,,,
Par1s1,Par1s1,Diamant,,,,
Pathogenese,Pathogenese,Diamant,,,,
PeanutFlip,PeanutFlip,Diamant,,,,
Pedan,Pedan,Diamant,,,,
PekkaPtok,Pekka Ptok,Diamant,,,,
Peloquin,PJ,Diamant,,,,
Perpexes,Perpexes,Diamant,,,,
Pfandpirat,Pfandpirat,Diamant,,,,
PhantomZ97,PhantomZ97,Diamant,,,,
Phantox_44,Phantox_44,Diamant,,,,
PhillipSaidi,Phillip1108,Diamant,,,,
pitlorz,guy with hat,Diamant,,,,
pixelknipser,pixelknipser,Diamant,,,,
PlanetSon,PlanetSon,Diamant,,,,
PLX,PLX,Diamant,,,,
PNSHR,PUNISHER,Diamant,,,,
PocketPony,PocketPony,Diamant,,,,
Poftie,Poftie,Diamant,,,,
Pommeswerfer,Pommeswerfer,Diamant,,,,
poperzenp3ter,poperzenp3ter,Diamant,,,,
porkius,Porkius,Diamant,,,,
prankie,prankie the noob,Diamant,,,,
PRreal,PRreal,Diamant,,,,
Psychomania,Psychomania,Diamant,,,,
PTUmuckl,PTUmuckl,Diamant,,,,
pugio,Pugio,Diamant,,,,
Punkwand,Punkwand,Diamant,,,,
PX_Hedon,[PX] Hedon,Diamant,,,,
PzPioneer,Pioneer,Diamant,,,,
QuantumHans,mr_melody,Diamant,,,,
Qwan_Gor,Qwan Gor,Diamant,,,,
r0bster,r0bster,Diamant,,,,
R3forge,R3Forge,Diamant,,,,
Raffy_jp,Raffy_jp,Diamant,,,,
Ragnarokkr,Christian,Diamant,,,,
Raiddie,Raiddie,Diamant,,,,
Raitris,Raitris,Diamant,,,,
rambozambo,rambozambo,Diamant,,,,
Ramnoox,Ramnoox,Diamant,,,,
Ramrod1980,Ramrod,Diamant,,,,
Rasain,Rasain,Diamant,,,,
Rastoban,Rastoban,Diamant,,,,
Ratzomat,Ratzomat,Diamant,,,,
Raven868,Raven868,Diamant,,,,
Rayboss,Rakilo,Diamant,,,,
Rayk0,Raiko,Diamant,,,,
RebelForce,RebelForce,Diamant,,,,
RedstonHacker,RedstonHacker,Diamant,,,,
Refund_Now,Chris_Crysis,Diamant,,,,
Rehnfield,Rehnfield,Diamant,,,,
Rekaru,Rekaru,Diamant,,,,
Resiner,Resiner,Diamant,,,,
Retribtuion,Kuro,Diamant,,,,
Reuschi1901,Reuschi1901,Diamant,,,,
ReWrite-CeC8RCS3,ReWrite-CeC8RCS3,Diamant,,,,
Rey_Philipp,Rey_Philipp,Diamant,,,,
Richthoven,Richthoven,Diamant,,,,
Rimuru1012,Rimuru1012,Diamant,,,,
Risikofuchs,Risikofuchs,Diamant,,,,
Rizo,[DMNT] Rizo77,Diamant,,,,
rockshox93,Rockshox93,Diamant,,,,
rogimuc,rogimuc,Diamant,,,,
Rogosa,Rogosa,Diamant,,,,
Roter_Baron,Roter_Baron,Diamant,,,,
rucos,dreamout,Diamant,,,,
RuedigerRaeudig,RuedigerRaeudig,Diamant,,,,
Ruyox,Ruyox,Diamant,,,,
rznfrk,rznfrk,Diamant,,,,
Saarah,Saarah Usyk,Diamant,,,,
Salomon,SalomonGrump,Diamant,,,,
SamiusRamirez,SamiusRamirez,Diamant,,,,
SammyD1986,SammyD,Diamant,,,,
SaschaNihs-hYa2h6Ez,SaschaNihs-hYa2h6Ez,Diamant,,,,
sasko,Sasko,Diamant,,,,
Saturn-VII,Hyperion,Diamant,,,,
Sceltex,Sceltex,Diamant,,,,
Schele,Schele,Diamant,,,,
Schigga83,Schigga83,Diamant,,,,
SchimmelimSchlafsack,SchimmelimSchlafsack,Diamant,,,,
Schmarmin,Schmarmin,Diamant,,,,
Schmucker,Schmucker,Diamant,,,,
Schowdy,Schowdy,Diamant,,,,
Schranzzor,Alex 'Schranzor' Hale,Diamant,,,,
schwatvogel,schwatvogel,Diamant,,,,
scorewinner,scorewinner,Diamant,,,,
Scorpius89,Scorpius89,Diamant,,,,
Scriptor-Magister,Antaro,Diamant,,,,
SDThirty,SDThirty,Diamant,,,,
Sebastian_von_Wolf,Sebastian,Diamant,,,,
Seebo,Seebo,Diamant,,,,
Seeratte,Seeratte,Diamant,,,,
Sensen_Mann,Sensen_Mann,Diamant,,,,
Sephir0x,Sephir,Diamant,,,,
sergeantshred,sergeantshred,Diamant,,,,
Seygrath,Seygrath,Diamant,,,,
SgtMortibodi,SgtMortibodi,Diamant,,,,
Shadow_Wingaard,Shadow,Diamant,,,,
Shadowrom,Shadowrom,Diamant,,,,
ShadowWaran,ShadowWaran,Diamant,,,,
Shahyr,Shahyr,Diamant,,,,
Shalimara,Shalimara,Diamant,,,,
Shark_Fresh,Shark,Diamant,,,,
Sharkster,MajorCrisis,Diamant,,,,
Shaytee,Shaytee,Diamant,,,,
Shiner,Shiner,Diamant,,,,
Shino-Z,Dr_NanoSpider,Diamant,,,,
SideXBurger,SideXBurger,Diamant,,,,
Sieram,Sieram,Diamant,,,,
Sille77,Sille77,Diamant,,,,
simbim,Simbim,Diamant,,,,
Simidinos,Simidinos,Diamant,,,,
SirMarsii,Marsii,Diamant,,,,
Skorpion-13,Skorpion-13,Diamant,,,,
SkyFalling,SkyFalling,Diamant,,,,
Skyfyre1,Skyfyre1,Diamant,,,,
skyreacher,skyreacher,Diamant,,,,
Slack23,Chris,Diamant,,,,
slava-ukraini,Слава Україні,Diamant,,,,
SleepyKija,SleepyKija,Diamant,,,,
Slimecat,Jungler,Diamant,,,,
Sloian,Sloian,Diamant,,,,
Sloth_Demon,SlothDemon,Diamant,,,,
SLXTR,SLXTR,Diamant,,,,
Smiley33,Smiley_33,Diamant,,,,
SmilingDanger,SmilingDanger,Diamant,,,,
smoky_Fritz,smoky,Diamant,,,,
Sn1pEz,Snigskyte,Diamant,,,,
Snake_Plissken72,Snake_Plissken,Diamant,,,,
Snakepliskin,Snakepliskin,Diamant,,,,
snipercore_49th,Grinefies,Diamant,,,,
Sockenm4nn,Sockenm4nn,Diamant,,,,
Someone,Someone,Diamant,,,,
Sommerle,Ricoli,Diamant,,,,
SonnyCube,SonnyCube,Diamant,,,,
Sorias_Sire,Sorias Sire,Diamant,,,,
SouLG97,SouLG97,Diamant,,,,
Source83,Source83,Diamant,,,,
Souvran,Souvran Star,Diamant,,,,
SpaceMoni,SpaceMoni,Diamant,,,,
SpaceToka,SpaceToka,Diamant,,,,
Sphinx44,Sphinx 44,Diamant,,,,
Spike_Hool,Spike_Hool,Diamant,,,,
SpikeSpiegel-142,SpikeSpiegel-142,Diamant,,,,
SpyFish_HD,SpyFish_HD,Diamant,,,,
srki919,srki919,Diamant,,,,
Srohib_Ipech,Srohib Ipech,Diamant,,,,
StarDaeDalus,DaeDalus,Diamant,,,,
Starfox_Germany,Starfox1970(GER),Diamant,,,,
Steinschlag,Steinschlag,Diamant,,,,
steven-noah,steven-noah,Diamant,,,,
StevenStark,StevenStark,Diamant,,,,
Stilgar,Stilgar,Diamant,,,,
StoneCold86,[DMNT] Colt,Diamant,,,,
StormVector,StormVector,Diamant,,,,
Stranger_nk,Nicolai,Diamant,,,,
Streebeck,Peppi,Diamant,,,,
Strichinger,Strichinger,Diamant,,,,
Striker-3-1,Striker-3-1,Diamant,,,,
Strqke,Strqke,Diamant,,,,
Stryker79,Stryker,Diamant,,,,
Stuffzi,Stuffzi,Diamant,,,,
Stullator,Stulle,Diamant,,,,
Stycho_Nalle,Stycho Nalle,Diamant,,,,
Sumiral_Galenk,SummeGelenk1999,Diamant,,,,
Sutor,David Sutor,Diamant,,,,
Svengineer,Svengineer,Diamant,,,,
Swiffy,Swiffy,Diamant,,,,
SwissStar,Celeo,Diamant,,,,
Symitro,Symitro,Diamant,,,,
T0xicR4ven,T0xicR4ven,Diamant,,,,
T1K1,T1K1,Diamant,,,,
T3CH_CMDR,T3CHFR34K,Diamant,,,,
TailstheFox97,Tails,Diamant,,,,
Tankossi,BlackEagle84,Diamant,,,,
Tantalus11,Tantalus11,Diamant,,,,
TapZap,TapZap,Diamant,,,,
Tarziel,Tarziel,Diamant,,,,
Tayyh,Tayyh,Diamant,,,,
Tech71,D.Hunter,Diamant,,,,
Teesion,Teesion,Diamant,,,,
tempzz,Tempz,Diamant,,,,
TenebrisCorvum,TenebrisCorvum,Diamant,,,,
Terra-Citizen,Terra-Citizen,Diamant,,,,
Teutwart,Teutwart,Diamant,,,,
Texhex,Bravestar,Diamant,,,,
Th3_BLoCk,BloCkBaN,Diamant,,,,
Th3Fr34k,Th3Fr34k,Diamant,,,,
Tharanor,Tharanor,Diamant,,,,
ThatOneTechno,Techno,Diamant,,,,
THE_DR4C0,THE_DR4C0,Diamant,,,,
TheAtomEffect,TheAtomEffect,Diamant,,,,
TheMo1986,[DMNT]TheMo,Diamant,,,,
TheOneKilroy,TheOneKilroy,Diamant,,,,
TheRealButch,TheRealButch,Diamant,,,,
TheReporter,DasIch,Diamant,,,,
ThorHal,ThorHal,Diamant,,,,
ThoSt,ThoSt,Diamant,,,,
Thunderangel,Thunderangel,Diamant,,,,
Tianne-Maja,Tianne-Maja,Diamant,,,,
Tichy63,Tichy,Diamant,,,,
Tidus87,Tidus87,Diamant,,,,
Tig3r,Ch&eacute;,Diamant,,,,
tiger-claw,TigerClaw,Diamant,,,,
Tigerschnegel,Tigerschnegel,Diamant,,,,
Timoa69,Timoa69,Diamant,,,,
tiniboe,tiniboe,Diamant,,,,
Tjugen,Tjugen,Diamant,,,,
tmmm1,SpackJarrow,Diamant,,,,
tntntn,tntntn,Diamant,,,,
to5ka,to5ka,Diamant,,,,
Tobi164,Tobi164,Diamant,,,,
Tonathor,Tonathor,Diamant,,,,
Tondor,Tondor,Diamant,,,,
Toni_Hamady73,Toni.Kurz,Diamant,,,,
tormix,Peter,Diamant,,,,
Tortenguss,Tortenguss,Diamant,,,,
Totetsumonai,Totetsumonai,Diamant,,,,
TraceTheFox,Trace,Diamant,,,,
Traii,Trai,Diamant,,,,
TravelingMerchant,TravelingMerchant,Diamant,,,,
Treibstoff,Promethium,Diamant,,,,
tribernium,tribernium,Diamant,,,,
Troc,Troc,Diamant,,,,
Tront,Tront,Diamant,,,,
Trudbert,Trudbert,Diamant,,,,
Tschohaen,Tschohaen,Diamant,,,,
Tshoiv,Tshoiv,Diamant,,,,
Tuki,SpaceDomme,Diamant,,,,
Turtle_in_Pants,Turtle in Pants,Diamant,,,,
TuXZuSe,TuXZuSe,Diamant,,,,
Tylas100,Tylas100,Diamant,,,,
U-F-O,Oklahoma,Diamant,,,,
Ukti,Ukti,Diamant,,,,
uli1680,uli1680,Diamant,,,,
Ulti84,Ultima,Diamant,,,,
Umberto1309,Umberto1309,Diamant,,,,
Unflexibel,[DMNT] Unflexibel,Diamant,,,,
ungolian,ungolian,Diamant,,,,
UNIDENTIFY,UNIDENTIFY,Diamant,,,,
UnlegitMax1,UnlegitMax1,Diamant,,,,
UnterNull,UnterNull,Diamant,,,,
Urizo,Urizo,Diamant,,,,
urkwold,urkwold,Diamant,,,,
usam74,usam74,Diamant,,,,
uweb95,Uweb95,Diamant,,,,
UweRingelmann,UweRingelmann,Diamant,,,,
ValiantGannet,Gannet,Diamant,,,,
ValiantLaertes,ValiantLaertes,Diamant,,,,
Valosh1995,Valosh1995,Diamant,,,,
vandaik86,vandaik86,Diamant,,,,
Varatreiber,Varatreiber,Diamant,,,,
VarianFry,VarianFry,Diamant,,,,
Vederfieh,Vederfieh,Diamant,,,,
Vega-Citizen,Vega-Citizen,Diamant,,,,
Vel_Rulnar,Vel Rulnar,Diamant,,,,
Viisos,Viisos,Diamant,,,,
Visucius,Daeron Vaith,Diamant,,,,
VK91,VK91,Diamant,,,,
Vuki,Vukinator,Diamant,,,,
VVENDINGEN,WENDINGEN,Diamant,,,,
Vxrpenter,Vxrpenter,Diamant,,,,
W4SCH114PP3N,W4SCH114PP3N,Diamant,,,,
Waine,Luther,Diamant,,,,
Waldmasta,Waldmasta,Diamant,,,,
Wanderfalke,Jorin Blutfang,Diamant,,,,
Wanduhl,Wanduhl,Diamant,,,,
WarlordMolla,WarlordMolla,Diamant,,,,
Wassermann90,Wassermann90,Diamant,,,,
watumba,Watumba,Diamant,,,,
waylan,deathwalker,Diamant,,,,
WhiteMoonPack,WhiteMoonPack,Diamant,,,,
Wilhergu,Wilhergu,Diamant,,,,
Winterboten,Gin,Diamant,,,,
Wizard99-Germany,Wizard[DSC],Diamant,,,,
Wolfeszorn,Wolfeszorn,Diamant,,,,
Wooldemoort,Wooldemoort,Diamant,,,,
Wotanis,Wotanis,Diamant,,,,
WTDuck,What the Duck,Diamant,,,,
X-Genesis,X-Genesis,Diamant,,,,
X6333,X6333 ZK,Diamant,,,,
Xalari,Xalari,Diamant,,,,
xantrino,xantrino,Diamant,,,,
Xarensis,Xarensis,Diamant,,,,
xBlackMamba,xBlackMamba,Diamant,,,,
Xedoron,Xedoron,Diamant,,,,
Xenua,Xenua,Diamant,,,,
XleoXn,Kaiserl3in,Diamant,,,,
xMasterOwlx42x,MasterOwl,Diamant,,,,
Xru-Oi,Xru-Oi,Diamant,,,,
Xtentet,Xtentet,Diamant,,,,
xXan,Xan,Diamant,,,,
xXherdanXx,xXherdanXx,Diamant,,,,
xXLuzifer22,Xxcobra222,Diamant,,,,
xxPaCxx,PIZZArro,Diamant,,,,
xXPhilippXx,SK_Phil,Diamant,,,,
xXTacitusXx,xXTacitusXx,Diamant,,,,
XYM0S,XYM0S,Diamant,,,,
Yalldur,Yalldur,Diamant,,,,
Yolo-Hans,Hans Yolo,Diamant,,,,
YShaliv,Yo,Diamant,,,,
Z0ck0r,Z0ck0r,Diamant,,,,
Zagatorsk,Zagatorsk,Diamant,,,,
Zango,Zangorian,Diamant,,,,
Zeberoc,Zeberoc,Diamant,,,,
Zetze,Zetze,Diamant,,,,
Zhiam,[DMNT]Zhiam,Diamant,,,,
Zitronenstrauch,Zitronenstrauch,Diamant,,,,
ZoeSedai,Zoe Sedai,Diamant,,,,
Zooxy,Zooxy,Diamant,,,,
Zweihorn,Zweihorn,Diamant,,,,
zynd3,zynde3,Diamant,,,,
