rsi_handle,display,rank,roles,discord_nickname_manual,discord_nickname_suggested,match_prozent,zertifiziert
00Gollom,00Gollom,Diamant,,,00gollom,100%,
4lex0naut,4lex0naut,Diamant,,,,,
4nimu5,4nimu5,Diamant,,,,,
99_Stahl,99%_Stahl,Diamant,,,,,
A7dr0,Andro,Diamant,,,,,
Abji,Abji,Diamant,,,,,
Acutus_12,Acutus,Diamant,,,,,
Adnoh,Adnoh,Diamant,,,,,
advancefly,advancetom,Diamant,,,,,
Aelle,Aelle,Diamant,,,,,
Agent2222,Agent2222,Diamant,,,,,
Agil_Neiles,Agil,Diamant,,,grinefies,70%,
Aglais,Aglais,Diamant,Leitung,,Aglais,100%,
Aglais-II,Aglais II,Diamant,Leitung,,Aglais,80%,
Aglais-III,Aglais III,Diamant,Leitung,,Aglais,75%,
Aglais-IV,Aglais IV,Diamant,Leitung,,Aglais,80%,
Aglais-V,Aglais V,Diamant,,,Aglais,86%,
AGT-1007,AGT-1007,Diamant,,,,,
Aiden_Brice,Aiden,Diamant,,,Aiden,100%,
AinuMeril,AinuM,Diamant,,,,,
AkaliaAyame,AccaliaAyame,Diamant,,,AccaliaAyame,100%,
Akiraburn,Akiraburn,Diamant,,,Akiraburn,100%,
Akkari1990,Akkari1990,Diamant,,,_akkari,71%,
Aknosom,Aknosom,Diamant,,,Aknosom/Nico,74%,
Alex1806,Alex20031,Diamant,,,alex300583,74%,
alienaffe1,alienaffe1,Diamant,,,,,
AlienDuck,[DMNT]AlienDuck,Diamant,,,,,
Alienfresser,YummY,Diamant,,,,,
Allan-Anatine,AllanAnatine,Diamant,,,,,
Alpha117Wolf,Alpha117Wolf,Diamant,,,Alpha117Wolf,100%,
AlpRush,AlpRush,Diamant,,,,,
AlterFritz,AlterFritz,Diamant,,,,,
AlwasterBlaster,AlwasterBlaster,Diamant,,,,,
Andrahir83,Star Lord,Diamant,,,,,
Andreas_68,Beverungen,Diamant,,,,,
Andwyn,Andwyn,Diamant,,,Andwyn,100%,
Anib,Anib,Diamant,,,Anib,100%,
Anoma,Anoma,Diamant,,,,,
Antidebilika,Antidebilika,Diamant,,,Antidebilika,100%,
Archibald-Haddock,Archibald-Haddock,Diamant,,,,,
arctic305,arctic305,Diamant,,,,,
Arellarti,Arellarti,Diamant,,,Arellarti,100%,
Ares_Samick,Riggs,Diamant,,,sgt.riggs,71%,
Arius_the_Outlaw,Arius,Diamant,,,Arius,100%,
Artanika,CalpirazNo,Diamant,,,,,
Ascim,Ascim,Diamant,,,Ascim,100%,
Astrakalle,Pascal,Diamant,,,,,
Astriminator,Astriminator,Diamant,,,,,
Ator_GER,Ator_GER,Diamant,,,,,
Aturo,Aturo,Diamant,,,,,
AuroDri,[I.H.M.] Aurorasoley Driver,Diamant,,,,,
Aurora_Silvver,S1lvv3r,Diamant,,,S1lvv3r,100%,
AZKq,Ardefy,Diamant,,,,,
Azuth75,Azuth75,Diamant,,,Azuth75,100%,
BackKnight,BackKnight,Diamant,,,BackKnight,100%,
Backtoheroots,backtotheroots,Diamant,,,,,
Bad_Witch,Lea,Diamant,,,Bad_Witch,100%,
badwolf,Bad Wolf,Diamant,,,bastiwolf,75%,
Baldrian_Sky,Baldrian_Sky,Diamant,,,,,
balton-64,balton-64,Diamant,,,,,
Bamguin,Bamguin,Diamant,,,,,
Baracuda,Baracuda,Diamant,,,,,
Barashhi,Barashhi,Diamant,,,,,
Basie013,Basie013,Diamant,,,Basie013,100%,
basselmacgee,Bassel MacGee,Diamant,,,,,
BavarianPanda,Woipadinga,Diamant,,,,,
Baxuz74,Baxuz74,Diamant,,,,,
Beandkey_NRW,Beandkey,Diamant,,,Beandkey,100%,
BeefSlave,BeefSlave,Diamant,,,,,
Beetle_Ox,Beetle Ox,Diamant,,,Beetle_Ox,100%,
BeltenWummler,BeltenWummler,Diamant,,,beltenwummler,100%,
Ben_nok,Ben_nok,Diamant,,,Ben_nok,100%,
BenDT3,bendt3,Diamant,,,,,
Bengalo,Bengalo,Diamant,,,,,
BenjB1983,Benjamin Buske,Diamant,,,,,
benti,benTi,Diamant,,,,,
Bermudax,Bermudax,Diamant,,,Cybermax,75%,
Big_Tasty,BigTasty,Diamant,,,,,
bigpuma8417,zeroxx225,Diamant,,,,,
Billy-Hill,Billy Hill,Diamant,,,,,
Black_Manta,Black Falcon,Diamant,,,,,
Blackout_lk,Spacebubble,Diamant,,,,,
Blackscorp81,BS81,Diamant,,,,,
BlackShadow101,BlackShadow101,Diamant,,,BlackShadow101,100%,
Blackspack,Blackspack,Diamant,,,Blackspack,100%,
BlackSteel82,BlackSteel82,Diamant,,,,,
Blue_Claus,Blue Claus,Diamant,,,Blue Claus,100%,
Bobson_Dugnutt,Bobson Dugnutt,Diamant,,,,,
boby9000,boby9000,Diamant,,,boby9000,100%,
BogusGER,DSF,Diamant,,,,,
boiler179,boiler179,Diamant,,,,,
Bomberpilot971,Bomberpilot971,Diamant,,,Bomberpilot_97,93%,
Booboobear01,Booboobear,Diamant,,,,,
BookSC,BookSC,Diamant,,,BookSC,100%,
Borknir,Borknir,Diamant,,,,,
Boroo,Boro,Diamant,,,,,
Box-8323,Box-8323,Diamant,,,box8324,80%,
Braiti,Braiti,Diamant,,,,,
Browny,Browny,Diamant,,,,,
BuckyVR6,BuckyVR6,Diamant,,,BuckyVr6,100%,
Bug_Skipper,Bug Skipper,Diamant,,,,,
BugBar,BugBee,Diamant,,,,,
Bullseye112255,Bullseye112255,Diamant,,,,,
Bumas,Bumas,Diamant,,,Bumas,100%,
Bumsadler,Bumsadler,Diamant,,,,,
C4ptAwesome,C4ptAwesome,Diamant,,,,,
Calador,Calador,Diamant,,,,,
Caleidon-Phoenix,Caleidon-Phoenix,Diamant,,,,,
calidrion,Calidrion,Diamant,,,Calidrion,100%,
Candyzero,Candyzero,Diamant,,,,,
Capt_Nuki,Capt.Nuki,Diamant,,,,,
Captain_Munchies,Rollo,Diamant,,,,,
Captain_Rexx,Charlotte,Diamant,,,,,
Captain_Xzan,Xzan,Diamant,,,,,
Capybellie,Ellie Daran,Diamant,,,,,
CargoDredge,Plevu Krawo,Diamant,,,,,
CARP77,CARP77,Diamant,,,carp3767,86%,
CashDollar,Cash Dollar,Diamant,,,,,
Castra-Citizen,Castra-Citizen,Diamant,,,,,
Caurakxoth,Caurakxoth,Diamant,,,,,
Ce-Kay,Ce-Kay,Diamant,,,,,
Cebb,Cebb,Diamant,,,,,
cedric_louis,cedric_louis,Diamant,,,,,
Ceran,Ceran Katelo,Diamant,,,Ceran Katelo,100%,
Cerberud,Cerberud,Diamant,,,Cerberus,88%,
CeresX,Ceres,Diamant,,,Cerberus,77%,
ceth85,Ceth,Diamant,,,ceth,100%,
Cetos,Cetos,Diamant,,,Cetos,100%,
CG_Solas,CG_Solas,Diamant,,,,,
Charlize_Godspeed,Charlize Godspeed,Diamant,,,,,
Chewbacca_II,Chewbacca_II,Diamant,,,,,
Chillkowski,Chillkowski,Diamant,,,Chillkowski,100%,
Chilly-Vanilly,Cpt. CapsLock,Diamant,,,,,
ChrilleA10,Chrille,Diamant,,,,,
chris2763,chris2763,Diamant,,,chris2763,100%,
chrissix666,chrissix666,Diamant,,,,,
CitizenMcPollo,CitizenMcPollo,Diamant,,,,,
CitizenNo000,CitizenNo000,Diamant,,,CitizenNo000,100%,
Citysnake,Citysnake,Diamant,,,,,
ClanBunny,ClanBunny,Diamant,,,ClanBunny,100%,
cleaner6,cleaner6,Diamant,,,CleanerBot,78%,
CMDR_Below,CMDR_Below,Diamant,,,,,
CMDR_Dragondarn,CMDR Dragondarn,Diamant,,,,,
CMDR_Elight,CMDR_Elight,Diamant,,,,,
CMDR_Jam3son,CMDR_Jam3son,Diamant,,,CMDR_Jam3son,100%,
COL-Jurten,Tadakuni,Diamant,,,,,
Colyvor,Colyvor,Diamant,,,,,
CommanderKreusch,CommanderKreusch,Diamant,,,CommanderKreusch,100%,
CommkiNG,=Twister=,Diamant,,,,,
commodore65,commodore65,Diamant,,,,,
Conjurerdragon,Conjurerdragon,Diamant,,,,,
Copernikus,Dom 1961,Diamant,,,,,
Corvale,Corvale,Diamant,,,,,
Corviness_Skirge,Corviness &quot;Arclight&quot; Skirge,Diamant,,,,,
CorvusLucis,CorvusLucis,Diamant,,,Fabio / CorvusLucis,73%,
Corydoras99,Corydoras99,Diamant,,,Corydoras99,100%,
Cosmonaut-Camille,Cosmonaut-Camille,Diamant,,,,,
Cpt_Balu,Gravemind,Diamant,,,,,
CPT_Emmett_Brown,Dr Emmett brown,Diamant,,,,,
Cpt_Pickles,Troysis,Diamant,,,,,
Cpt_Sille,Cpt_Sille,Diamant,,,,,
CptCalamari,Cpt.Calamari,Diamant,,,Cpt.Calamari,100%,
CptDiego,Cpt_Diego90,Diamant,,,,,
CptHiggs,Biker69,Diamant,,,,,
Cptn-Justin,Cptn.Justin,Diamant,,,cptn.justin,100%,
Crankio,Crankio,Diamant,,,,,
CrashCow,CrashCow,Diamant,,,,,
Creacks,Creacks,Diamant,,,Creacks,100%,
Creaper,Creaper87,Diamant,,,creaper87,100%,
Creeepr,Creeepr,Diamant,,,,,
Creek345,Creek345,Diamant,,,,,
Creynox,Creynox,Diamant,,,,,
Crossfader217,Cr0ssF4d3r,Diamant,,,,,
CryNexXx,CryNexXx,Diamant,,,,,
Crypt24,Crypt24,Diamant,,,mrcrypt24,88%,
CryptiC_86,Kryptik,Diamant,,,,,
CyberCore,CyberCore,Diamant,,,,,
Cybermax,James Taggart,Diamant,,,Cybermax,100%,
CyrionTheFlayed,CyrionTheFlayed,Diamant,,,,,
cyvo,cyvo,Diamant,,,,,
Cyx1,Cyx,Diamant,,,,,
D4rkWolf,DarkWolf,Diamant,,,,,
D_y_s,D_y_s,Diamant,,,,,
dada73,dada73,Diamant,,,,,
DaH0nk,DaH0nk,Diamant,,,,,
Dajixx,Dajixx,Diamant,,,,,
DanteGG,DanteGG,Diamant,,,,,
DarkOrbit,Luckstar,Diamant,,,,,
Dashiwang,Dashiwang,Diamant,,,,,
Dave_001,Dave_001,Diamant,,,,,
Davokh,Davokh,Diamant,,,,,
ddsc01,ddsc01,Diamant,,,ddsc,80%,
Deadpool_88,Deadpool_88,Diamant,,,Deadpool_88,100%,
DeedsOne,Deeds One,Diamant,,,,,
Demandreth_Bas-Tyra,Demandreth Bas-Tyra,Diamant,,,,,
Demianos,Demianos,Diamant,,,,,
Demijurge,Demijurge,Diamant,,,demijurge,100%,
Demonplay92,Demonplay92,Diamant,,,demonplay92,100%,
dennyzet,dennyzet,Diamant,,,dennyzet,100%,
Der_Philosoph,Priogeth,Diamant,,,priogeth,100%,
DerDena,DerDena,Diamant,,,,,
DerLorcan,Lorcan,Diamant,,,Elochain,71%,
derMosher,[DMNT] der Mosher,Diamant,,,dermosher,100%,
Deroxo,Deroxo,Diamant,,,,,
derschachmatt,derschachmatt,Diamant,,,,,
DerTensa,DerTensa,Diamant,,,,,
Devi_n,Devi_n,Diamant,,,,,
Devillein,Devillein,Diamant,,,,,
Diamant,Diamant,Diamant,,,,,
Diavo,Diavo,Diamant,,,,,
DieterStahl,Dieter Stahl,Diamant,,,Dieter Stahl HRTMT,80%,
Diggi,Diggi,Diamant,,,,,
Dimitri8806,Dimitri8806,Diamant,,,,,
Django-Freeman,Django Freeman,Diamant,,,,,
djannky,[KRT] Djannky,Diamant,,,Djannky,100%,
DJB1252,DJB1252,Diamant,,,,,
docjONEs,docjONEs,Diamant,,,,,
doctor_bong,Doctor Bong,Diamant,,,,,
DoctorDudu,Doctor Dudu,Diamant,,,DoctorDudu,100%,
DoctorRyk,DoctorRyk,Diamant,,,,,
Dol_Jonda_Mandalorian,Dol_Jonda_Mandalorian,Diamant,,,,,
Dom2en,[KRT] Domsen,Diamant,,,Dome,80%,
DomKTM,DomKTM,Diamant,,,,,
Doomster161,Doomer,Diamant,,,Dome,80%,
Double_Star4,Double_Star4,Diamant,,,doublesea4,82%,
Dr_F1,Dr_F1,Diamant,,,Dr.F1,80%,
Dr_Helios_Faust,Dr.Faust,Diamant,,,,,
Dr_Jani,Dr. Jay Kay,Diamant,,,,,
Dragon_Insane,Dragon_Insane,Diamant,,,,,
Drakary,Drakary,Diamant,,,Drakary,100%,
Drakrai,Drakrai,Diamant,,,Drakary,71%,
DrDrej666,Starlord,Diamant,,,,,
Dreamer1982,Dreamer1982,Diamant,,,Dreamer1982/Björn,79%,
Dressler69,Dressler69,Diamant,,,dressler8,84%,
DrLeoSpaceman,Dr. Leo Spaceman,Diamant,,,,,
DrSnuggles273,DrSnuggles,Diamant,,,,,
drunkenbeaver,DrunkenBeaver,Diamant,,,DrunkenBeaver ( Rainer ),70%,
DumBa_77,DumBa_77,Diamant,,,dumba_tv,75%,
Dwemerlord,Dwemerlord,Diamant,,,,,
e-q-u-i-n-o-x,Equinox,Diamant,,,Equinox,100%,
Eddie_Brock_Jr,Eddie_Brock_Jr,Diamant,,,,,
EduardLaser1,Tobsi,Diamant,,,Tobs,89%,
EgoRandaris,Randaris,Diamant,,,,,
EgOVoicE,EgOVoicE,Diamant,,,TempVoice,71%,
Ein161er,Ein161er,Diamant,,,,,
Eislux,Eislux,Diamant,,,Eislux,100%,
Eiwy,Eiwy,Diamant,,,,,
elektrowixxe23,Nr.23,Diamant,,,,,
Elrigo82,[DMNT]Elrigo,Diamant,,,Elrigo,86%,
Elvis666,Elvis,Diamant,,,Elvis666,100%,
ElZock,ElZock,Diamant,,,,,
Emplitude,Emplitude,Diamant,,,,,
englbit,englbit,Diamant,,,englbit,100%,
Enlist,Grey,Diamant,,,englbit,77%,
Enrique09,Enrique09,Diamant,,,Enrique09,100%,
Entbuchselt,Entbuchselt,Diamant,,,Entbuchselt,100%,
Erion,Shadowrunner,Diamant,,,Elrigo,73%,
Eruvadhoren,Eru,Diamant,,,,,
Eurofatzke,Eurofatzke,Diamant,,,Eurofatzke,100%,
EuSyroX,EuSyRoX,Diamant,,,,,
EviI3ric,EviI3ric,Diamant,,,EviI3ric,100%,
Evokaz,Evokaz,Diamant,,,Evokaz,100%,
ExplorerXY,ExplorerXY,Diamant,,,,,
F3Spirit,F3Spirit,Diamant,,,,,
F_i_r_e,Fire,Diamant,,,F_i_r_e,100%,
Fahrner,Fahrner,Diamant,,,Fahrner,100%,
Felbion,Junila,Diamant,,,Felbion,100%,
felixklee,Felix Klee,Diamant,,,,,
Final5pace,Final5pace,Diamant,,,,,
Finkregh,Finkregh,Diamant,,,Finkregh,100%,
Fireball1978,Fireball1978,Diamant,,,,,
Firlefranz,Firlefranz,Diamant,,,,,
First_Aid_Kit,First_Aid_Kit,Diamant,,,,,
Flee21,Flee,Diamant,,,,,
Flitschflatsch,Flitschflatsch,Diamant,,,,,
Floly,Floly,Diamant,,,,,
Force,Force,Diamant,,,,,
Fragoon,Elaaar,Diamant,,,Elaaar,100%,
Franky62,Franky62,Diamant,,,,,
Freebird,Freebird,Diamant,,,,,
Friedrich09,Friedrich_:),Diamant,,,,,
Frihed1007,Frihed1007,Diamant,,,Frihed1007,100%,
FritzP,Fritz,Diamant,,,Mumpfritz,71%,
FunnyBuddys,FunnyBuddys,Diamant,,,FunnyBuddys,100%,
Fusel_Gambit,Fusel_Gambit,Diamant,,,Fusel_Gambit,100%,
Gabkano,Gabkano,Diamant,,,,,
Gelegenheitsheld,Gelegenheitsheld,Diamant,,,gelegenheitsheld_,97%,
GenervterGuenther,Guenther,Diamant,,,,,
Gerasal,Gerasal,Diamant,,,,,
Gewehr_wolf,Gewehr_wolf,Diamant,,,Gewehr_wolf,100%,
GhostRiders,Ghost_Riders9895,Diamant,,,Ghost_Rider,91%,
Glorator,Glorator,Diamant,,,,,
GogoLoris,GogoLoris,Diamant,,,GogoLoris,100%,
Goliath021291,Goliath021291,Diamant,,,,,
Gramardy,Gramardy,Diamant,,,Gramardy,100%,
Grandmaster96,Grandmaster96,Diamant,,,grandmaster1996.,90%,
Grauer_Rabe,Grauer_Rabe,Diamant,,,,,
GrimReaper88,GrimReaper,Diamant,,,,,
GrimShad0w,GrimShad0w,Diamant,,,gr1msh4d0w,80%,
grosservogi,Grosser Vogi,Diamant,,,,,
gsandrog,Lindrog,Diamant,,,Lindrog,100%,
Gschwene,Gschwene,Diamant,,,,,
gtm,Marc,Diamant,,,Marcel,80%,
Guerkchen3004,Blackpool005,Diamant,,,guerkchen3004,100%,
Gundha,Gundha,Diamant,,,,,
Gunzi84,Gunzi,Diamant,,,Gunzi,100%,
Gustav_Jung,Gustav_Jung,Diamant,,,,,
Gyffes,Gyffes,Diamant,,,Gyffes,100%,
haarige_Knete,haarige Knete,Diamant,,,,,
Hagbard32,Hagbard32,Diamant,,,HagbardCeline32,75%,
HakkeJoe,HakkeJoe,Diamant,,,hakkejoe,100%,
Hank_GER,Ralf Hank,Diamant,,,,,
Hans_Trollo,Hans Trollo,Diamant,,,,,
Hanseatic_Ghost,Hanseatic Ghost,Diamant,,,hanseaticghost,97%,
Hanz99,Hanz,Diamant,,,,,
haoskid,haoskid,Diamant,,,,,
HappyDE,Happy,Diamant,,,,,
Haribo_Kruppstahlbaerchen,Haribo_Kruppstahlbaerchen,Diamant,,,haribo_kruppstahlbaerchen,100%,
Haschem_Balu,Haschem,Diamant,,,,,
Hasenpfote1,Hasenpfote1,Diamant,,,Hasenpfote,95%,
Hebebe,Hebebe,Diamant,,,,,
heckefraesch,Heckefraesch,Diamant,,,,,
Helgator,Sytex,Diamant,,,,,
HellionVeil,Joseph Gallager,Diamant,,,HellionVeil,100%,
HexVectora,hex0x,Diamant,,,hex0x,100%,
Hibachi,Seraphita,Diamant,,,,,
HiksKonari,Hiks,Diamant,,,,,
HiraelBHV,Hirael,Diamant,,,,,
HoniSoitQuiMalyYPens,Wolf1Alpha1Omega,Diamant,,,,,
Hoppensted,Hoppensted,Diamant,,,Hoppensted,100%,
Hordentlich,Hordentlich,Diamant,,,,,
Hordika,Hordika,Diamant,,,Hordika,100%,
Hoschy2k,Hoschy,Diamant,,,,,
Hotzen,plotz,Diamant,,,,,
Houdini21,Houdini21,Diamant,,,,,
Hovenberg,Hovenberg,Diamant,,,,,
howlwolf,Wolf,Diamant,,,,,
Hrodbehrt,Hrodbehrt,Diamant,,,,,
HTO,Vivien Raid,Diamant,,,,,
HueyShadowfire,HueyShadowfire,Diamant,,,,,
HuMa892,HuMa892,Diamant,,,,,
Husumer,Husumer,Diamant,,,,,
HydrawolfXD,Hydrawolf,Diamant,,,,,
I_O_I_1_0_1,IOI,Diamant,,,,,
iBacchus,iBacchus,Diamant,,,iBacchus,100%,
Iceonly,Iceonly,Diamant,,,,,
IceWlf,IceWlf,Diamant,,,,,
Ich_Wars,Ich Wars,Diamant,,,,,
ihoa,Ihoa,Diamant,,,,,
IllroyGER,Illroy(GER),Diamant,,,,,
Iluvartar,Iluvartar,Diamant,,,Iluvartar,100%,
Imhutep2500,Imhutep2500,Diamant,,,,,
Inferia,Inferia,Diamant,,,,,
Inkuraa,Inkuraa,Diamant,,,,,
insomn1a,insomn1a,Diamant,,,,,
interents,interents,Diamant,,,Winterboten,70%,
J0HN-CITIZEN,John Citizen,Diamant,,,,,
J0kerMDK,J0kerMDK,Diamant,,,,,
J0rd4-n,J0rd4-n,Diamant,,,,,
J14lingz,J14lingz,Diamant,,,,,
J_Tock,Jack Tock,Diamant,,,j.tock,83%,
Jabiru,Jabiru,Diamant,,,,,
JackReily,Jack Reily,Diamant,,,JReily,80%,
JackWolfman,Jack Wolfman,Diamant,,,,,
Jahuul,Jahuul,Diamant,,,,,
Jamba915,Jamba,Diamant,,,,,
Jamboo,Jamboo,Diamant,,,,,
Jan-Hinnerk,Jan-Hinnerk,Diamant,,,Jan-Hinnerk,100%,
Janes77,Janes77,Diamant,,,,,
JanSolo_1337,JanSolo_1337,Diamant,,,jansolo1337,96%,
japakue,japakue,Diamant,,,,,
JaTyr,Jason Tyrell,Diamant,,,,,
Jaxtom-D,Vollstrecker,Diamant,,,,,
Jeff-Marxon,Jeff Marxon,Diamant,,,,,
JenkinsGamble,Jenkins Gamble,Diamant,,,,,
ji11er,ji11er,Diamant,,,,,
Jiggawatts,Jiggawatts,Diamant,,,,,
JimJace33,JimJace33,Diamant,,,,,
Jkb_Brhf,Jkb_Brhf,Diamant,,,,,
joe703,joe703,Diamant,,,joe703,100%,
Joe_TN,Joe_TN,Diamant,,,,,
Joern_H,Joern_H,Diamant,,,,,
John699,John699,Diamant,,,,,
JohnnyLong89,Johnnylong89,Diamant,,,,,
johnrobie,John.Robie,Diamant,,,,,
JohnSwagger,John Swagger,Diamant,,,,,
Jolor1991,Jolor,Diamant,,,Jolor,100%,
Jonn80,Jonn80,Diamant,,,,,
Jorganius,Jorganius,Diamant,,,Jorganius,100%,
Jorgessen,Jorgessen,Diamant,,,,,
jori,Jorin,Diamant,,,,,
JSpacer,JSpacer,Diamant,,,,,
JT1T4N,JT1T4N,Diamant,,,JTIT4N,83%,
Jugl,Captain Ahab,Diamant,,,,,
Jusdie,Feldwebel Diehl,Diamant,,,Jusdie,100%,
just_ceejay,just_ceejay,Diamant,,,,,
JustInto_Fent,JustInto_Fent,Diamant,,,,,
K0mpl3X,Kompi,Diamant,,,,,
K4m1K4tz3,K4m1K4tz3,Diamant,,,,,
k4xn,Kaan2106,Diamant,,,,,
KackbratzenKind,Kenneth,Diamant,,,,,
KakaoFan,KakaoFan,Diamant,,,,,
Karazun,Karazun,Diamant,,,,,
KawaiiGalaxy,KawaiiGalaxy,Diamant,,,,,
Kazuhira_Miller,Kazuhira_Miller,Diamant,,,,,
Keanny90,Keanny90,Diamant,,,Keanny90,100%,
KeenBockMeer,KeenBockMeer,Diamant,,,,,
Kefka,Kefka,Diamant,,,,,
KeinPlan1969,Kein_Plan,Diamant,,,kevin_player_,73%,
KENWOODKILA,KENWOODKILA,Diamant,,,Kenwoodkila,100%,
KevinPlayer,Kevin_Player,Diamant,,,kevin_player_,96%,
khornate,Khornate,Diamant,,,,,
Khosh,Khosh,Diamant,,,,,
Khrook,Thorn,Diamant,,,,,
Kiel_Holen,Kiel Holen,Diamant,,,,,
Kiese,Kiese,Diamant,,,kiese2309,71%,
Killahwurst,Killahwurst,Diamant,,,killahwurst,100%,
KilledByNpc,Nxah407,Diamant,,,,,
KingMuffin,KingMuffin,Diamant,,,,,
KiNoHige,KiNoHige,Diamant,,,,,
Kirito2712,Kirito2712,Diamant,,,,,
kisural,kisural,Diamant,,,Kisu,73%,
Klabauter,F4BELH4FT,Diamant,,,,,
Klars_Flight,Klars_Flight,Diamant,,,,,
Klobrille,Klobrille,Diamant,,,,,
Kluntjes,Kluntjes,Diamant,,,,,
Kommende_B5000,Kommende_B5000,Diamant,,,Kommender_B5000,97%,
Komonfugu,Komonfugu,Diamant,,,,,
KongOtto,KongoOtto,Diamant,,,,,
Kontroller,Kontroller,Diamant,,,,,
Kpt_Ceberus,Ceberus,Diamant,,,Cerberus,93%,
Krautfunder,Krautfunder,Diamant,,,,,
Ksteffan,SteffanK,Diamant,,,,,
kulturnilpferd,kulturnilpferd,Diamant,,,,,
Kxthi741,Kxthi741,Diamant,,,,,
Kyrre_Tukson,Kyrre Tukson,Diamant,,,,,
L3Xinho,L3Xinho,Diamant,,,,,
Laath,Laath,Diamant,,,lea.kath,77%,
Laberneth,Laberneth,Diamant,,,,,
Larry_P,Larry_P,Diamant,,,Larry_P,100%,
lasseb,Mietzapi,Diamant,,,,,
LaughingCorpse,LaughingCorpse,Diamant,,,LaughingCorpse,100%,
Layer,Layer,Diamant,,,,,
LcDruid,LcDruid,Diamant,,,,,
Lennox_Hawkins,Lennox_Hawkins,Diamant,,,Lennox_Hawkins,100%,
Leonil,Ludas,Diamant,,,,,
LeopardDF,LeopardDF,Diamant,,,,,
leTreuTobi,leTreuTobi,Diamant,,,letreutobi,100%,
Lichtfleck,lars,Diamant,,,,,
LiEyWe,LiEyWe,Diamant,,,,,
LIFT_Antenne,LIFT_Antenne,Diamant,,,Antenne,74%,
LIFT_Der_Unfassbare3,Der_Unfassbare3,Diamant,,,,,
LIGHT_Gamer33,LIGHT_Gamer33,Diamant,,,,,
Lionel_Polanski,Autumn,Diamant,,,,,
Livercheese_42,Livercheese_42,Diamant,,,livercheese_,92%,
lnc02,lnc02,Diamant,,,,,
LoinEljonson,Lioneljonson,Diamant,,,LoinEljonson,100%,
lonely1,lonely1,Diamant,,,,,
LonesomeMiner,Lonesome Miner,Diamant,,,,,
Lord-Cerberus,Lord Cerberus,Diamant,,,lord.cerberus,92%,
Lord_Popo,Popo,Diamant,,,,,
Lord_Wayne,Lord_Wayne,Diamant,,,Lord_Wayne,100%,
LordLeibnitz,[DMNT] Lord Leibnitz,Diamant,,,LordLeibnitz,100%,
LordYukia,LordYukia,Diamant,,,,,
Lotka,Lotka,Diamant,,,,,
Louqe_Ghost,Louqe_Ghost,Diamant,,,Louqe_Ghost,100%,
Lowr1der,Lowr1der,Diamant,,,,,
Lucille,Lucille,Diamant,,,,,
LucyZocker,LucyZocker,Diamant,,,,,
Lufia,Lufia,Diamant,,,,,
LumenSage,LumenSage,Diamant,,,LumenSage,100%,
LumpiCargo,LumpiCargo,Diamant,,,,,
M_M,Marcus,Diamant,,,Arius,73%,
MacDeal,MacDeal,Diamant,,,Marcel,77%,
MaceMaddox,Mace Maddox,Diamant,,,,,
MADxAdam,MADxAdam,Diamant,,,,,
Magellan-83,Magellan,Diamant,,,Magellan,100%,
Maik_Anik,Maik Anik,Diamant,,,,,
Majalex,Majalex,Diamant,,,MS_Alex,71%,
Malron,Malron,Diamant,,,Malron,100%,
mampfer,mampfer,Diamant,,,,,
Man0Lar,Man0Lar,Diamant,,,,,
Man_Must_Die,Heilige_Mutter_Gottes,Diamant,,,,,
ManAniscore,ManAniscore,Diamant,,,,,
Manperson,Manperson,Diamant,,,Manperson,100%,
Manuedeberry,Manuedeberry,Diamant,,,manudeberry,96%,
Marc_O_Polo,Marc_O_Polo,Diamant,,,,,
Marcel1981,Marcel1981,Diamant,,,Marcel,75%,
Marcnesium,Marcnesium,Diamant,,,Marcnesium,100%,
Marvgod,Marvgod,Diamant,,,,,
Maserati-Heinz,Maserati-Heinz,Diamant,,,Maserati Heinz,93%,
masterluke78,masterluke78,Diamant,,,,,
Materialistix,Materialistix,Diamant,,,Materialistix,100%,
Matsonwe,Matsonwe,Diamant,,,,,
MaximStierlitz,Maxim Stierlitz,Diamant,,,,,
Mazukaze,Mazukaze,Diamant,,,,,
mc3scher,mc3scher,Diamant,,,,,
MCCD326,MCCD326,Diamant,,,,,
McD57765,McD57765,Diamant,,,McD57765,100%,
mcfirefly,mcfirefly,Diamant,,,McFly,71%,
McKlappStuhl,McKlappStuhl,Diamant,,,,,
McMc,McFly,Diamant,,,McFly,100%,
McMetrik,McMetrik,Diamant,,,,,
Mendo79,Mendo79,Diamant,,,Mendo79,100%,
Mephiston213,Mephiston213,Diamant,,,,,
Mesmoo,Mesmoo,Diamant,,,,,
MFGA,Orca,Diamant,,,,,
MicBD,MicBD,Diamant,,,MicBD,100%,
Micha78,dermicha78,Diamant,,,,,
Mieetuu,Mieetuu,Diamant,,,Mieetuu,100%,
Mietre,Mietre,Diamant,,,Mietre,100%,
MikeDD,MikeDD,Diamant,,,,,
Mingsing,Mingsing,Diamant,,,mingsing,100%,
Mirco,Mirco,Diamant,,,,,
MisterMax5_0,MisterMax5_0,Diamant,,,mistermax5.0,92%,
mo_yaxya,mo_yaxya,Diamant,,,,,
MoonCowboy,MoonCowboy,Diamant,,,,,
Morgau,Morgau,Diamant,,,,,
Morgon,MOH,Diamant,,,,,
Mosvani,Mosvani,Diamant,,,,,
Mowlsten,Mowlsten,Diamant,,,,,
Mr-Muck,Muck,Diamant,,,,,
Mr_Wasch,Wasch,Diamant,,,Wasch,100%,
MrBarbiturate,Mr. Barbiturate,Diamant,,,,,
MrBrille15,MrBrille15,Diamant,,,,,
MrBuchweber,MrBuchweber,Diamant,,,,,
MrCheese69,MrCheese,Diamant,,,MrCheese69,100%,
MrMetasploit,MrMetasploit,Diamant,,,,,
MrPining,MrPining,Diamant,,,,,
MrRabbit85,MrRabbit85,Diamant,,,,,
Ms_249,ms_249,Diamant,,,,,
MSAlex,MSAlex,Diamant,,,MS_Alex,92%,
MuchoTwoTwo,Lectorus,Diamant,,,leTreu,71%,
MuGGeL,RaKKi,Diamant,,,,,
MunitionMueller,MunitionMueller,Diamant,,,MunitionMueller,100%,
Na-iv,Na-iv,Diamant,,,,,
naitsabes007,sebi007,Diamant,,,,,
Nathan-Ex,Nathan E.,Diamant,,,,,
Nathan_Bull,Nathan_Bull,Diamant,,,,,
nediar,Nediar,Diamant,,,,,
Neko-Neko,NekoNeko,Diamant,,,,,
Nekses,Killingtree,Diamant,,,,,
neovision,Neovision,Diamant,,,,,
Nephzul,Nephzul,Diamant,,,Nephzul,100%,
Neppuu,Neppuu,Diamant,,,,,
nerone203,nerone203,Diamant,,,,,
Net-Zombie,Net-Zombie,Diamant,,,Netzombie,95%,
Nheelz,Nheelz,Diamant,,,Nheelz,100%,
Niedertracht,Niedertracht,Diamant,,,,,
Nikolas_Wemerth,[DMNT]  Nikolas Wemerth,Diamant,,,,,
NoMad9199,NoMad9199,Diamant,,,NoMad91,88%,
Nominor1,Nominor1,Diamant,,,,,
Noobi,Das_Noobi,Diamant,,,,,
NopiSoul,Nopi Soul,Diamant,,,,,
Nordlicht,The Joe,Diamant,,,,,
norelem,norelem,Diamant,,,,,
Noteur,Noteur,Diamant,,,,,
Nouramon,Nouramon Alvestrasza,Diamant,,,Nouramon,100%,
nphil,HydroPhil,Diamant,,,,,
Nuky,Thermonuclearbunny,Diamant,,,,,
Nyma,Henry,Diamant,,,,,
Nytrion,Nytrion,Diamant,,,xantrin,71%,
Nyxus,Nyxus Ironclad,Diamant,,,,,
OCSkm666,O.C. Skm,Diamant,,,,,
Odogko,Omorokko,Diamant,,,Odogkae,77%,
Ohio1337,Ohio1337,Diamant,,,,,
Olopax,Olo,Diamant,,,Jolor,75%,
olsyju,olsyju,Diamant,,,,,
OmegaPHA,OmegaPHA,Diamant,,,,,
oOMRLOo,oOMRLOo,Diamant,,,,,
Oscar_Monroe,Oscar_Monroe,Diamant,,,Oscar Monroe,92%,
Osiris0,Osiris0,Diamant,,,,,
OxaMcFly,Oxa McFly,Diamant,,,OxaMcFly,100%,
P4Q6-X,P4Q6-X,Diamant,,,,,
p4t5h0t,p4t5h0t,Diamant,,,,,
PaddyDeRossi,PaddyDeRossi,Diamant,,,,,
Painkiller-GER,JensBerlinski-IpsSFgwm,Diamant,,,,,
Palamedes69,Pala69,Diamant,,,,,
Papercut78,Papercut78,Diamant,,,,,
Par1s1,Par1s1,Diamant,,,,,
Pathogenese,Pathogenese,Diamant,,,Pathogenese ツ,92%,
PeanutFlip,PeanutFlip,Diamant,,,,,
Pedan,Pedan,Diamant,,,,,
PekkaPtok,Pekka Ptok,Diamant,,,,,
Peloquin,PJ,Diamant,,,,,
Perpexes,Perpexes,Diamant,,,Perpexes,100%,
Pfandpirat,Pfandpirat,Diamant,,,,,
PhantomZ97,PhantomZ97,Diamant,,,,,
Phantox_44,Phantox_44,Diamant,,,,,
PhillipSaidi,Phillip1108,Diamant,,,,,
pitlorz,guy with hat,Diamant,,,,,
pixelknipser,pixelknipser,Diamant,,,,,
PlanetSon,PlanetSon,Diamant,,,PlanetSon,100%,
PLX,PLX,Diamant,,,,,
PNSHR,PUNISHER,Diamant,,,,,
PocketPony,PocketPony,Diamant,,,,,
Poftie,Poftie,Diamant,,,,,
Pommeswerfer,Pommeswerfer,Diamant,,,,,
poperzenp3ter,poperzenp3ter,Diamant,,,,,
porkius,Porkius,Diamant,,,,,
prankie,prankie the noob,Diamant,,,,,
PRreal,PRreal,Diamant,,,,,
Psychomania,Psychomania,Diamant,,,,,
PTUmuckl,PTUmuckl,Diamant,,,,,
pugio,Pugio,Diamant,,,,,
Punkwand,Punkwand,Diamant,,,,,
PX_Hedon,[PX] Hedon,Diamant,,,,,
PzPioneer,Pioneer,Diamant,,,Pioneer,100%,
QuantumHans,mr_melody,Diamant,,,,,
Qwan_Gor,Qwan Gor,Diamant,,,Qwan Gor,100%,
r0bster,r0bster,Diamant,,,,,
R3forge,R3Forge,Diamant,,,,,
Raffy_jp,Raffy_jp,Diamant,,,,,
Ragnarokkr,Christian,Diamant,,,chrismango,74%,
Raiddie,Raiddie,Diamant,,,,,
Raitris,Raitris,Diamant,,,,,
rambozambo,rambozambo,Diamant,,,,,
Ramnoox,Ramnoox,Diamant,,,,,
Ramrod1980,Ramrod,Diamant,,,Gramardy,71%,
Rasain,Rasain,Diamant,,,Rastoban,71%,
Rastoban,Rastoban,Diamant,,,Rastoban,100%,
Ratzomat,Ratzomat,Diamant,,,,,
Raven868,Raven868,Diamant,,,Raven868,100%,
Rayboss,Rakilo,Diamant,,,,,
Rayk0,Raiko,Diamant,,,,,
RebelForce,RebelForce,Diamant,,,,,
RedstonHacker,RedstonHacker,Diamant,,,RedstoneHacker,96%,
Refund_Now,Chris_Crysis,Diamant,,,,,
Rehnfield,Rehnfield,Diamant,,,,,
Rekaru,Rekaru,Diamant,,,,,
Resiner,Resiner,Diamant,,,Resiner,100%,
Retribtuion,Kuro,Diamant,,,,,
Reuschi1901,Reuschi1901,Diamant,,,kreusch019179,75%,
ReWrite-CeC8RCS3,ReWrite-CeC8RCS3,Diamant,,,,,
Rey_Philipp,Rey_Philipp,Diamant,,,,,
Richthoven,Richthoven,Diamant,,,Richthoven / René,74%,
Rimuru1012,Rimuru1012,Diamant,,,,,
Risikofuchs,Risikofuchs,Diamant,,,Risikofuchs,100%,
Rizo,[DMNT] Rizo77,Diamant,,,Urizo,89%,
rockshox93,Rockshox93,Diamant,,,,,
rogimuc,rogimuc,Diamant,,,,,
Rogosa,Rogosa,Diamant,,,,,
Roter_Baron,Roter_Baron,Diamant,,,,,
rucos,dreamout,Diamant,,,dreamout,100%,
RuedigerRaeudig,RuedigerRaeudig,Diamant,,,,,
Ruyox,Ruyox,Diamant,,,,,
rznfrk,rznfrk,Diamant,,,,,
Saarah,Saarah Usyk,Diamant,,,,,
Salomon,SalomonGrump,Diamant,,,,,
SamiusRamirez,SamiusRamirez,Diamant,,,,,
SammyD1986,SammyD,Diamant,,,SammyD,100%,
SaschaNihs-hYa2h6Ez,SaschaNihs-hYa2h6Ez,Diamant,,,,,
sasko,Sasko,Diamant,,,,,
Saturn-VII,Hyperion,Diamant,,,,,
Sceltex,Sceltex,Diamant,,,Sceltex,100%,
Schele,Schele,Diamant,,,schele77,86%,
Schigga83,Schigga83,Diamant,,,,,
SchimmelimSchlafsack,SchimmelimSchlafsack,Diamant,,,schimmelimschlafsack,100%,
Schmarmin,Schmarmin,Diamant,,,,,
Schmucker,Schmucker,Diamant,,,,,
Schowdy,Schowdy,Diamant,,,,,
Schranzzor,Alex 'Schranzor' Hale,Diamant,,,Schranzzor,100%,
schwatvogel,schwatvogel,Diamant,,,,,
scorewinner,scorewinner,Diamant,,,,,
Scorpius89,Scorpius89,Diamant,,,,,
Scriptor-Magister,Antaro,Diamant,,,,,
SDThirty,SDThirty,Diamant,,,,,
Sebastian_von_Wolf,Sebastian,Diamant,,,Sebastian,100%,
Seebo,Seebo,Diamant,,,,,
Seeratte,Seeratte,Diamant,,,,,
Sensen_Mann,Sensen_Mann,Diamant,,,,,
Sephir0x,Sephir,Diamant,,,Sapphire,71%,
sergeantshred,sergeantshred,Diamant,,,,,
Seygrath,Seygrath,Diamant,,,,,
SgtMortibodi,SgtMortibodi,Diamant,,,,,
Shadow_Wingaard,Shadow,Diamant,,,Shadow Wingaard,93%,
Shadowrom,Shadowrom,Diamant,,,,,
ShadowWaran,ShadowWaran,Diamant,,,,,
Shahyr,Shahyr,Diamant,,,Shahyr,100%,
Shalimara,Shalimara,Diamant,,,Shalimara,100%,
Shark_Fresh,Shark,Diamant,,,Shahyr,73%,
Sharkster,MajorCrisis,Diamant,,,MajorCrisis,100%,
Shaytee,Shaytee,Diamant,,,shaytee,100%,
Shiner,Shiner,Diamant,,,hmeiner,77%,
Shino-Z,Dr_NanoSpider,Diamant,,,,,
SideXBurger,SideXBurger,Diamant,,,,,
Sieram,Sieram,Diamant,,,Sierra-Maxe,71%,
Sille77,Sille77,Diamant,,,Sille77,100%,
simbim,Simbim,Diamant,,,Simbim,100%,
Simidinos,Simidinos,Diamant,,,Simidinos,100%,
SirMarsii,Marsii,Diamant,,,,,
Skorpion-13,Skorpion-13,Diamant,,,,,
SkyFalling,SkyFalling,Diamant,,,,,
Skyfyre1,Skyfyre1,Diamant,,,Skyfyre,93%,
skyreacher,skyreacher,Diamant,,,skyreacher,100%,
Slack23,Chris,Diamant,,,Chris,100%,
slava-ukraini,Слава Україні,Diamant,,,,,
SleepyKija,SleepyKija,Diamant,,,sleepykija,100%,
Slimecat,Jungler,Diamant,,,,,
Sloian,Sloian,Diamant,,,,,
Sloth_Demon,SlothDemon,Diamant,,,,,
SLXTR,SLXTR,Diamant,,,,,
Smiley33,Smiley_33,Diamant,,,smiley_33,100%,
SmilingDanger,SmilingDanger,Diamant,,,SmilingDanger,100%,
smoky_Fritz,smoky,Diamant,,,,,
Sn1pEz,Snigskyte,Diamant,,,,,
Snake_Plissken72,Snake_Plissken,Diamant,,,,,
Snakepliskin,Snakepliskin,Diamant,,,,,
snipercore_49th,Grinefies,Diamant,,,grinefies,100%,
Sockenm4nn,Sockenm4nn,Diamant,,,sockenmann12,82%,
Someone,Someone,Diamant,,,,,
Sommerle,Ricoli,Diamant,,,,,
SonnyCube,SonnyCube,Diamant,,,,,
Sorias_Sire,Sorias Sire,Diamant,,,,,
SouLG97,SouLG97,Diamant,,,,,
Source83,Source83,Diamant,,,,,
Souvran,Souvran Star,Diamant,,,,,
SpaceMoni,SpaceMoni,Diamant,,,,,
SpaceToka,SpaceToka,Diamant,,,,,
Sphinx44,Sphinx 44,Diamant,,,,,
Spike_Hool,Spike_Hool,Diamant,,,,,
SpikeSpiegel-142,SpikeSpiegel-142,Diamant,,,,,
SpyFish_HD,SpyFish_HD,Diamant,,,SpyFish__,84%,
srki919,srki919,Diamant,,,,,
Srohib_Ipech,Srohib Ipech,Diamant,,,,,
StarDaeDalus,DaeDalus,Diamant,,,DaeDalus,100%,
Starfox_Germany,Starfox1970(GER),Diamant,,,,,
Steinschlag,Steinschlag,Diamant,,,,,
steven-noah,steven-noah,Diamant,,,,,
StevenStark,StevenStark,Diamant,,,,,
Stilgar,Stilgar,Diamant,,,,,
StoneCold86,[DMNT] Colt,Diamant,,,,,
StormVector,StormVector,Diamant,,,StormVector,100%,
Stranger_nk,Nicolai,Diamant,,,Stranger_NK,100%,
Streebeck,Peppi,Diamant,,,,,
Strichinger,Strichinger,Diamant,,,Strichinger,100%,
Striker-3-1,Striker-3-1,Diamant,,,,,
Strqke,Strqke,Diamant,,,Strqke,100%,
Stryker79,Stryker,Diamant,,,Strqke,77%,
Stuffzi,Stuffzi,Diamant,,,,,
Stullator,Stulle,Diamant,,,Sutor,71%,
Stycho_Nalle,Stycho Nalle,Diamant,,,,,
Sumiral_Galenk,SummeGelenk1999,Diamant,,,,,
Sutor,David Sutor,Diamant,,,Sutor,100%,
Svengineer,Svengineer,Diamant,,,,,
Swiffy,Swiffy,Diamant,,,,,
SwissStar,Celeo,Diamant,,,Celeo,100%,
Symitro,Symitro,Diamant,,,Symitro,100%,
T0xicR4ven,T0xicR4ven,Diamant,,,T0xicR4ven,100%,
T1K1,T1K1,Diamant,,,T1K1,100%,
T3CH_CMDR,T3CHFR34K,Diamant,,,,,
TailstheFox97,Tails,Diamant,,,,,
Tankossi,BlackEagle84,Diamant,,,,,
Tantalus11,Tantalus11,Diamant,,,,,
TapZap,TapZap,Diamant,,,,,
Tarziel,Tarziel,Diamant,,,,,
Tayyh,Tayyh,Diamant,,,,,
Tech71,D.Hunter,Diamant,,,,,
Teesion,Teesion,Diamant,,,,,
tempzz,Tempz,Diamant,,,,,
TenebrisCorvum,TenebrisCorvum,Diamant,,,,,
Terra-Citizen,Terra-Citizen,Diamant,,,,,
Teutwart,Teutwart,Diamant,,,Teutwart,100%,
Texhex,Bravestar,Diamant,,,,,
Th3_BLoCk,BloCkBaN,Diamant,,,,,
Th3Fr34k,Th3Fr34k,Diamant,,,,,
Tharanor,Tharanor,Diamant,,,Schranzor,71%,
ThatOneTechno,Techno,Diamant,,,,,
THE_DR4C0,THE_DR4C0,Diamant,,,,,
TheAtomEffect,TheAtomEffect,Diamant,,,,,
TheMo1986,[DMNT]TheMo,Diamant,,,,,
TheOneKilroy,TheOneKilroy,Diamant,,,,,
TheRealButch,TheRealButch,Diamant,,,TheRealButch,100%,
TheReporter,DasIch,Diamant,,,thereport,90%,
ThorHal,ThorHal,Diamant,,,,,
ThoSt,ThoSt,Diamant,,,ThoSt,100%,
Thunderangel,Thunderangel,Diamant,,,thunderangel,100%,
Tianne-Maja,Tianne-Maja,Diamant,,,Tianne-Maja,100%,
Tichy63,Tichy,Diamant,,,,,
Tidus87,Tidus87,Diamant,,,,,
Tig3r,Ch&eacute;,Diamant,,,,,
tiger-claw,TigerClaw,Diamant,,,,,
Tigerschnegel,Tigerschnegel,Diamant,,,,,
Timoa69,Timoa69,Diamant,,,,,
tiniboe,tiniboe,Diamant,,,,,
Tjugen,Tjugen,Diamant,,,Juergen,77%,
tmmm1,SpackJarrow,Diamant,,,,,
tntntn,tntntn,Diamant,,,,,
to5ka,to5ka,Diamant,,,,,
Tobi164,Tobi164,Diamant,,,,,
Tonathor,Tonathor,Diamant,,,,,
Tondor,Tondor,Diamant,,,,,
Toni_Hamady73,Toni.Kurz,Diamant,,,,,
tormix,Peter,Diamant,,,,,
Tortenguss,Tortenguss,Diamant,,,Tortenguss,100%,
Totetsumonai,Totetsumonai,Diamant,,,Totetsumonai,100%,
TraceTheFox,Trace,Diamant,,,Trace,100%,
Traii,Trai,Diamant,,,,,
TravelingMerchant,TravelingMerchant,Diamant,,,,,
Treibstoff,Promethium,Diamant,,,,,
tribernium,tribernium,Diamant,,,tribernium,100%,
Troc,Troc,Diamant,,,,,
Tront,Tront,Diamant,,,TrontSven,71%,
Trudbert,Trudbert,Diamant,,,,,
Tschohaen,Tschohaen,Diamant,,,,,
Tshoiv,Tshoiv,Diamant,,,,,
Tuki,SpaceDomme,Diamant,,,Tiki,75%,
Turtle_in_Pants,Turtle in Pants,Diamant,,,,,
TuXZuSe,TuXZuSe,Diamant,,,,,
Tylas100,Tylas100,Diamant,,,,,
U-F-O,Oklahoma,Diamant,,,,,
Ukti,Ukti,Diamant,,,ukti20,80%,
uli1680,uli1680,Diamant,,,,,
Ulti84,Ultima,Diamant,,,,,
Umberto1309,Umberto1309,Diamant,,,,,
Unflexibel,[DMNT] Unflexibel,Diamant,,,,,
ungolian,ungolian,Diamant,,,ungolian,100%,
UNIDENTIFY,UNIDENTIFY,Diamant,,,,,
UnlegitMax1,UnlegitMax1,Diamant,,,UnlegitMax1,100%,
UnterNull,UnterNull,Diamant,,,,,
Urizo,Urizo,Diamant,,,Urizo,100%,
urkwold,urkwold,Diamant,,,,,
usam74,usam74,Diamant,,,usam,80%,
uweb95,Uweb95,Diamant,,,Uweb,80%,
UweRingelmann,UweRingelmann,Diamant,,,,,
ValiantGannet,Gannet,Diamant,,,,,
ValiantLaertes,ValiantLaertes,Diamant,,,,,
Valosh1995,Valosh1995,Diamant,,,Valosh1995,100%,
vandaik86,vandaik86,Diamant,,,,,
Varatreiber,Varatreiber,Diamant,,,,,
VarianFry,VarianFry,Diamant,,,,,
Vederfieh,Vederfieh,Diamant,,,,,
Vega-Citizen,Vega-Citizen,Diamant,,,,,
Vel_Rulnar,Vel Rulnar,Diamant,,,,,
Viisos,Viisos,Diamant,,,,,
Visucius,Daeron Vaith,Diamant,,,,,
VK91,VK91,Diamant,,,,,
Vuki,Vukinator,Diamant,,,,,
VVENDINGEN,WENDINGEN,Diamant,,,,,
Vxrpenter,Vxrpenter,Diamant,,,,,
W4SCH114PP3N,W4SCH114PP3N,Diamant,,,,,
Waine,Luther,Diamant,,,,,
Waldmasta,Waldmasta,Diamant,,,,,
Wanderfalke,Jorin Blutfang,Diamant,,,,,
Wanduhl,Wanduhl,Diamant,,,,,
WarlordMolla,WarlordMolla,Diamant,,,,,
Wassermann90,Wassermann90,Diamant,,,,,
watumba,Watumba,Diamant,,,,,
waylan,deathwalker,Diamant,,,,,
WhiteMoonPack,WhiteMoonPack,Diamant,,,,,
Wilhergu,Wilhergu,Diamant,,,Wilhergu,100%,
Winterboten,Gin,Diamant,,,Winterboten,100%,
Wizard99-Germany,Wizard[DSC],Diamant,,,,,
Wolfeszorn,Wolfeszorn,Diamant,,,,,
Wooldemoort,Wooldemoort,Diamant,,,Wooldemoort,100%,
Wotanis,Wotanis,Diamant,,,,,
WTDuck,What the Duck,Diamant,,,,,
X-Genesis,X-Genesis,Diamant,,,,,
X6333,X6333 ZK,Diamant,,,,,
Xalari,Xalari,Diamant,,,,,
xantrino,xantrino,Diamant,,,xantrin,93%,
Xarensis,Xarensis,Diamant,,,,,
xBlackMamba,xBlackMamba,Diamant,,,,,
Xedoron,Xedoron,Diamant,,,,,
Xenua,Xenua,Diamant,,,,,
XleoXn,Kaiserl3in,Diamant,,,,,
xMasterOwlx42x,MasterOwl,Diamant,,,,,
Xru-Oi,Xru-Oi,Diamant,,,,,
Xtentet,Xtentet,Diamant,,,,,
xXan,Xan,Diamant,,,,,
xXherdanXx,xXherdanXx,Diamant,,,,,
xXLuzifer22,Xxcobra222,Diamant,,,xxcobra22,95%,
xxPaCxx,PIZZArro,Diamant,,,,,
xXPhilippXx,SK_Phil,Diamant,,,,,
xXTacitusXx,xXTacitusXx,Diamant,,,,,
XYM0S,XYM0S,Diamant,,,,,
Yalldur,Yalldur,Diamant,,,Yalldur,100%,
Yolo-Hans,Hans Yolo,Diamant,,,,,
YShaliv,Yo,Diamant,,,,,
Z0ck0r,Z0ck0r,Diamant,,,,,
Zagatorsk,Zagatorsk,Diamant,,,,,
Zango,Zangorian,Diamant,,,Zango,100%,
Zeberoc,Zeberoc,Diamant,,,,,
Zetze,Zetze,Diamant,,,,,
Zhiam,[DMNT]Zhiam,Diamant,,,,,
Zitronenstrauch,Zitronenstrauch,Diamant,,,Zitronenstrauch,100%,
ZoeSedai,Zoe Sedai,Diamant,,,,,
Zooxy,Zooxy,Diamant,,,Zooxy,100%,
Zweihorn,Zweihorn,Diamant,,,,,
zynd3,zynde3,Diamant,,,,,
